dominant_content,content,levenshtein_distance,occurrence,largest
"# Security Policy

## Supported Versions

Use this section to tell people about which versions of your project are
currently being supported with security updates.

| Version | Supported          |
| ------- | ------------------ |
| 5.1.x   | :white_check_mark: |
| 5.0.x   | :x:                |
| 4.0.x   | :white_check_mark: |
| < 4.0   | :x:                |

## Reporting a Vulnerability

Use this section to tell people how to report a vulnerability.

Tell them where to go, how often they can expect to get an update on a
reported vulnerability, what to expect if the vulnerability is accepted or
declined, etc.
","# Security Policy

## Supported Versions

Use this section to tell people about which versions of your project are
currently being supported with security updates.

| Version | Supported          |
| ------- | ------------------ |
| v1.0    | :white_check_mark: |

## Reporting a Vulnerability

Go to issues and report a vulnerability
",290,1,311
"# Security Policy

## Supported Versions

Use this section to tell people about which versions of your project are
currently being supported with security updates.

| Version | Supported          |
| ------- | ------------------ |
| 5.1.x   | :white_check_mark: |
| 5.0.x   | :x:                |
| 4.0.x   | :white_check_mark: |
| < 4.0   | :x:                |

## Reporting a Vulnerability

Use this section to tell people how to report a vulnerability.

Tell them where to go, how often they can expect to get an update on a
reported vulnerability, what to expect if the vulnerability is accepted or
declined, etc.
","# Security Policy

## Supported Versions

Use this section to tell people about which versions of your project are
currently being supported with security updates.

| Version | Supported          |
| ------- | ------------------ |
| git     | :white_check_mark: |

## Reporting a Vulnerability

To report a vulnerability, open an issue on the libcute repo. If the vulnerability is as serious as libcute becoming the new log4j, then contact the maintainers through their preferred
contact methods in CONGRIBUTING.md as soon as possible. 
",270,1,311
"# Security Policy

## Supported Versions

Use this section to tell people about which versions of your project are
currently being supported with security updates.

| Version | Supported          |
| ------- | ------------------ |
| 5.1.x   | :white_check_mark: |
| 5.0.x   | :x:                |
| 4.0.x   | :white_check_mark: |
| < 4.0   | :x:                |

## Reporting a Vulnerability

Use this section to tell people how to report a vulnerability.

Tell them where to go, how often they can expect to get an update on a
reported vulnerability, what to expect if the vulnerability is accepted or
declined, etc.
","# Security Policy

## Supported Versions

Use this section to tell people about which versions of your project are
currently being supported with security updates.

| Version | Supported          |
| ------- | ------------------ |
| 1.0.x   | :white_check_mark: |
| < 1.0   | :white_check_mark: |

## Reporting a Vulnerability

To report a vulnerability, please contact the developer directly at dev.grumptech@gmail.com

Once notified the report will be investigated and you will be notified of the findings within
90 days.
",240,2,311
"# Security Policy

## Supported Versions

Use this section to tell people about which versions of your project are
currently being supported with security updates.

| Version | Supported          |
| ------- | ------------------ |
| 5.1.x   | :white_check_mark: |
| 5.0.x   | :x:                |
| 4.0.x   | :white_check_mark: |
| < 4.0   | :x:                |

## Reporting a Vulnerability

Use this section to tell people how to report a vulnerability.

Tell them where to go, how often they can expect to get an update on a
reported vulnerability, what to expect if the vulnerability is accepted or
declined, etc.
","# Security Policy

## Supported Versions

Use this section to tell people about which versions of your project are
currently being supported with security updates.

| Version | Supported          |
| ------- | ------------------ |
| 5.1.x   | :white_check_mark: |
| 5.0.x   | :x:                |
| 4.0.x   | :white_check_mark: |
| < 4.0   | :x:                |

## Reporting a Vulnerability

Use this section to tell people how to report a vulnerability.

Tell them where to go, how often they can expect to get an update on a
reported vulnerability, what to expect if the vulnerability is accepted or
declined, etc.
echo ""# jonapaniagua"" >> README.md git init git add README.md git commit -m ""first commit"" git branch -M master git remote add origin https://api.github.com/jonapaniagua/jonapaniagua.git git push -u origin master
",213,1,311
"# Security Policy

## Supported Versions

Use this section to tell people about which versions of your project are
currently being supported with security updates.

| Version | Supported          |
| ------- | ------------------ |
| 5.1.x   | :white_check_mark: |
| 5.0.x   | :x:                |
| 4.0.x   | :white_check_mark: |
| < 4.0   | :x:                |

## Reporting a Vulnerability

Use this section to tell people how to report a vulnerability.

Tell them where to go, how often they can expect to get an update on a
reported vulnerability, what to expect if the vulnerability is accepted or
declined, etc.
","# Security Policy

## Supported Versions

Use this section to tell people about which versions of your project are
currently being supported with security updates.

| Version | Supported          |
| ------- | ------------------ |
| 5.1.x   | :white_check_mark: |
| 5.0.x   | :white_check_mark:                |
| 4.0.x   | :white_check_mark: |
| < 4.0   | :white_check_mark:                |

## Reporting a Vulnerability

Use this section to tell people how to report a vulnerability.

Tell them where to go, how often they can expect to get an update on a
reported vulnerability, what to expect if the vulnerability is accepted or
declined, etc.
",32,1,311
"# Security Policy

## Supported Versions

Use this section to tell people about which versions of your project are
currently being supported with security updates.

| Version | Supported          |
| ------- | ------------------ |
| 5.1.x   | :white_check_mark: |
| 5.0.x   | :x:                |
| 4.0.x   | :white_check_mark: |
| < 4.0   | :x:                |

## Reporting a Vulnerability

Use this section to tell people how to report a vulnerability.

Tell them where to go, how often they can expect to get an update on a
reported vulnerability, what to expect if the vulnerability is accepted or
declined, etc.
","# Security Policy

## Supported Versions



| Version | Supported          |
| ------- | ------------------ |
| 6.1.1   | :white_check_mark: |
| 6.0.0   | :white_check_mark: |
| 5.0.0   | :x: |
| < 4.0.0   | :x:|

## Reporting a Vulnerability

Use this section to tell people how to report a vulnerability.

Tell them where to go, how often they can expect to get an update on a
reported vulnerability, what to expect if the vulnerability is accepted or
declined, etc.
",173,1,311
"# Security Policy

## Supported Versions

Use this section to tell people about which versions of your project are
currently being supported with security updates.

| Version | Supported          |
| ------- | ------------------ |
| 5.1.x   | :white_check_mark: |
| 5.0.x   | :x:                |
| 4.0.x   | :white_check_mark: |
| < 4.0   | :x:                |

## Reporting a Vulnerability

Use this section to tell people how to report a vulnerability.

Tell them where to go, how often they can expect to get an update on a
reported vulnerability, what to expect if the vulnerability is accepted or
declined, etc.
","# Security Policy

## Supported Versions

Use this section to tell people about which versions of your project are
currently being supported with security updates.

| Version | Supported          |
| ------- | ------------------ |
| 1.0.0   | :white_check_mark: |

## Reporting a Vulnerability

Open a issue. [Here](https://github.com/asyncedd/dots.nvim/issues).
",293,1,311
"# Security Policy

## Supported Versions

Use this section to tell people about which versions of your project are
currently being supported with security updates.

| Version | Supported          |
| ------- | ------------------ |
| 5.1.x   | :white_check_mark: |
| 5.0.x   | :x:                |
| 4.0.x   | :white_check_mark: |
| < 4.0   | :x:                |

## Reporting a Vulnerability

Use this section to tell people how to report a vulnerability.

Tell them where to go, how often they can expect to get an update on a
reported vulnerability, what to expect if the vulnerability is accepted or
declined, etc.
","# Security Policy

## Supported Versions

Use this section to tell people about which versions of your project are
currently being supported with security updates.

| Version | Supported          |
| ------- | ------------------ |
| 1.0.0<   | :white_check_mark: |

## Reporting a Vulnerability

Use this section to tell people how to report a vulnerability.

Tell them where to go, how often they can expect to get an update on a
reported vulnerability, what to expect if the vulnerability is accepted or
declined, etc.
",99,1,311
"# Security Policy

## Supported Versions

Use this section to tell people about which versions of your project are
currently being supported with security updates.

| Version | Supported          |
| ------- | ------------------ |
| 5.1.x   | :white_check_mark: |
| 5.0.x   | :x:                |
| 4.0.x   | :white_check_mark: |
| < 4.0   | :x:                |

## Reporting a Vulnerability

Use this section to tell people how to report a vulnerability.

Tell them where to go, how often they can expect to get an update on a
reported vulnerability, what to expect if the vulnerability is accepted or
declined, etc.
","# Security Policy

## Supported Versions

Use this section to tell people about which versions of your project are
currently being supported with security updates.

| Version | Supported          |
| ------- | ------------------ |
| 1.x.x   | :white_check_mark: |

## Reporting a Vulnerability

Please open up an issue on the repo and report the vulnerability publicly.
This way anyone can fork it and make it secure should I be unavailable.
",257,1,311
"# Security Policy

## Supported Versions

Use this section to tell people about which versions of your project are
currently being supported with security updates.

| Version | Supported          |
| ------- | ------------------ |
| 5.1.x   | :white_check_mark: |
| 5.0.x   | :x:                |
| 4.0.x   | :white_check_mark: |
| < 4.0   | :x:                |

## Reporting a Vulnerability

Use this section to tell people how to report a vulnerability.

Tell them where to go, how often they can expect to get an update on a
reported vulnerability, what to expect if the vulnerability is accepted or
declined, etc.
","# Security Policy

## Supported Versions

<!-- Use this section to tell people about which versions of your project are
currently being supported with security updates. -->

Since it's still in pre-release, there is about 50 or + vulnerabilities. 

| Version | Supported          |
| ------- | ------------------ |
| 0.0.2 >   | :white_check_mark: |
| < 0.01  | :x:                |


## Reporting a Vulnerability

<!-- Use this section to tell people how to report a vulnerability.

Tell them where to go, how often they can expect to get an update on a
reported vulnerability, what to expect if the vulnerability is accepted or
declined, etc. -->
",138,1,311
"# Security Policy

## Supported Versions

Use this section to tell people about which versions of your project are
currently being supported with security updates.

| Version | Supported          |
| ------- | ------------------ |
| 5.1.x   | :white_check_mark: |
| 5.0.x   | :x:                |
| 4.0.x   | :white_check_mark: |
| < 4.0   | :x:                |

## Reporting a Vulnerability

Use this section to tell people how to report a vulnerability.

Tell them where to go, how often they can expect to get an update on a
reported vulnerability, what to expect if the vulnerability is accepted or
declined, etc.
","# Security Policy

## Reporting a Vulnerability

Use this section to tell people how to report a vulnerability.

Tell them where to go, how often they can expect to get an update on a
reported vulnerability, what to expect if the vulnerability is accepted or
declined, etc.
",345,1,311
"# Security Policy

## Supported Versions

Use this section to tell people about which versions of your project are
currently being supported with security updates.

| Version | Supported          |
| ------- | ------------------ |
| 5.1.x   | :white_check_mark: |
| 5.0.x   | :x:                |
| 4.0.x   | :white_check_mark: |
| < 4.0   | :x:                |

## Reporting a Vulnerability

Use this section to tell people how to report a vulnerability.

Tell them where to go, how often they can expect to get an update on a
reported vulnerability, what to expect if the vulnerability is accepted or
declined, etc.
","# Security Policy

## Supported Versions

Use this section to tell people about which versions of your project are
currently being supported with security updates.

| Version | Supported          |
| ------- | ------------------ |
| latest   | :white_check_mark: |

## Reporting a Vulnerability

To report vulnerabilities please email use the private reporting feature of Github.
https://docs.github.com/en/code-security/security-advisories/guidance-on-reporting-and-writing/privately-reporting-a-security-vulnerability#privately-reporting-a-security-vulnerability
",287,1,311
"# Security Policy

## Supported Versions

Use this section to tell people about which versions of your project are
currently being supported with security updates.

| Version | Supported          |
| ------- | ------------------ |
| 5.1.x   | :white_check_mark: |
| 5.0.x   | :x:                |
| 4.0.x   | :white_check_mark: |
| < 4.0   | :x:                |

## Reporting a Vulnerability

Use this section to tell people how to report a vulnerability.

Tell them where to go, how often they can expect to get an update on a
reported vulnerability, what to expect if the vulnerability is accepted or
declined, etc.
","# Security Policy

## Supported Versions

Use this section to tell people about which versions of your project are
currently being supported with security updates.

| Version | Supported          |
| ------- | ------------------ |
| Alpha   | :white_check_mark: |

## Reporting a Vulnerability

Use this section to tell people how to report a vulnerability.

Tell them where to go, how often they can expect to get an update on a
reported vulnerability, what to expect if the vulnerability is accepted or
declined, etc.
",102,1,311
"# Security Policy

## Supported Versions

Use this section to tell people about which versions of your project are
currently being supported with security updates.

| Version | Supported          |
| ------- | ------------------ |
| 5.1.x   | :white_check_mark: |
| 5.0.x   | :x:                |
| 4.0.x   | :white_check_mark: |
| < 4.0   | :x:                |

## Reporting a Vulnerability

Use this section to tell people how to report a vulnerability.

Tell them where to go, how often they can expect to get an update on a
reported vulnerability, what to expect if the vulnerability is accepted or
declined, etc.
","# Security Policy

## Supported Versions




| Version | Supported          |
| ------- | ------------------ |
| 5.1.x   | :white_check_mark: |
| 5.0.x   | :white_check_mark: |
| < 5.0   | :x:                |
| < 4.0   | :x:                |

## Reporting a Vulnerability

Use this section to tell people how to report a vulnerability.

Tell them where to go, how often they can expect to get an update on a
reported vulnerability, what to expect if the vulnerability is accepted or
declined, etc.
",158,1,311
"# Security Policy

## Supported Versions

Use this section to tell people about which versions of your project are
currently being supported with security updates.

| Version | Supported          |
| ------- | ------------------ |
| 5.1.x   | :white_check_mark: |
| 5.0.x   | :x:                |
| 4.0.x   | :white_check_mark: |
| < 4.0   | :x:                |

## Reporting a Vulnerability

Use this section to tell people how to report a vulnerability.

Tell them where to go, how often they can expect to get an update on a
reported vulnerability, what to expect if the vulnerability is accepted or
declined, etc.
","# Security Policy

## Supported Versions

Use this section to tell people about which versions of your project are
currently being supported with security updates.

| Version | Supported          |
| ------- | ------------------ |
| < 4.0   | ✅:                |

## Reporting a Vulnerability

Use this section to tell people how to report a vulnerability.

Tell them where to go, how often they can expect to get an update on a
reported vulnerability, what to expect if the vulnerability is accepted or
declined, etc.
",101,1,311
"# Security Policy

## Supported Versions

Use this section to tell people about which versions of your project are
currently being supported with security updates.

| Version | Supported          |
| ------- | ------------------ |
| 5.1.x   | :white_check_mark: |
| 5.0.x   | :x:                |
| 4.0.x   | :white_check_mark: |
| < 4.0   | :x:                |

## Reporting a Vulnerability

Use this section to tell people how to report a vulnerability.

Tell them where to go, how often they can expect to get an update on a
reported vulnerability, what to expect if the vulnerability is accepted or
declined, etc.
","# Security Policy

## Supported Versions

Use this section to tell people about which versions of your project are
currently being supported with security updates.

| Version | Supported          |
| ------- | ------------------ |
| Up to date   |Always :white_check_mark: |
| Old ;(  | :x:                |

## Reporting a Vulnerability

Use this section to tell people how to report a vulnerability.

Tell them where to go, how often they can expect to get an update on a
reported vulnerability, what to expect if the vulnerability is accepted or
declined, etc.
",73,1,311
"# Security Policy

## Supported Versions

Use this section to tell people about which versions of your project are
currently being supported with security updates.

| Version | Supported          |
| ------- | ------------------ |
| 5.1.x   | :white_check_mark: |
| 5.0.x   | :x:                |
| 4.0.x   | :white_check_mark: |
| < 4.0   | :x:                |

## Reporting a Vulnerability

Use this section to tell people how to report a vulnerability.

Tell them where to go, how often they can expect to get an update on a
reported vulnerability, what to expect if the vulnerability is accepted or
declined, etc.
","# Security Policy

## Supported Versions

Use this section to tell people about which versions of your project are
currently being supported with security updates.

| Version | Supported          |
| ------- | ------------------ |
| 1.16.x  | :white_check_mark: |
| > 1.16  | :white_check_mark: |
| < 1.0   | :x:                |

## Reporting a Vulnerability

Use this section to tell people how to report a vulnerability.

Tell them where to go, how often they can expect to get an update on a
reported vulnerability, what to expect if the vulnerability is accepted or
declined, etc.
",41,1,311
"# Security Policy

## Supported Versions

Use this section to tell people about which versions of your project are
currently being supported with security updates.

| Version | Supported          |
| ------- | ------------------ |
| 5.1.x   | :white_check_mark: |
| 5.0.x   | :x:                |
| 4.0.x   | :white_check_mark: |
| < 4.0   | :x:                |

## Reporting a Vulnerability

Use this section to tell people how to report a vulnerability.

Tell them where to go, how often they can expect to get an update on a
reported vulnerability, what to expect if the vulnerability is accepted or
declined, etc.
","# Security Policy

## Supported Versions

Use this section to tell people about which versions of your project are
currently being supported with security updates.

| Version | Supported          |
| ------- | ------------------ |
| 1.0.1x  | :white_check_mark: |
| 1.1x    | :white_check_mark: |
| 1.0.2x  | :white_check_mark: |
| > 1     | :x:                |

## Reporting a Vulnerability

Use this section to tell people how to report a vulnerability.

Tell them where to go, how often they can expect to get an update on a
reported vulnerability, what to expect if the vulnerability is accepted or
declined, etc.
",32,1,311
"# Security Policy

## Supported Versions

Use this section to tell people about which versions of your project are
currently being supported with security updates.

| Version | Supported          |
| ------- | ------------------ |
| 5.1.x   | :white_check_mark: |
| 5.0.x   | :x:                |
| 4.0.x   | :white_check_mark: |
| < 4.0   | :x:                |

## Reporting a Vulnerability

Use this section to tell people how to report a vulnerability.

Tell them where to go, how often they can expect to get an update on a
reported vulnerability, what to expect if the vulnerability is accepted or
declined, etc.
","# Security Policy

## Supported Versions

Use this section to tell people about which versions of your project are
currently being supported with security updates.

| Version | Supported          |
| ------- | ------------------ |
| 0.1.x   | :white_check_mark: |

## Reporting a Vulnerability

Use this section to tell people how to report a vulnerability.

Tell them where to go, how often they can expect to get an update on a
reported vulnerability, what to expect if the vulnerability is accepted or
declined, etc.
",100,1,311
"# Security Policy

## Supported Versions

Use this section to tell people about which versions of your project are
currently being supported with security updates.

| Version | Supported          |
| ------- | ------------------ |
| 5.1.x   | :white_check_mark: |
| 5.0.x   | :x:                |
| 4.0.x   | :white_check_mark: |
| < 4.0   | :x:                |

## Reporting a Vulnerability

Use this section to tell people how to report a vulnerability.

Tell them where to go, how often they can expect to get an update on a
reported vulnerability, what to expect if the vulnerability is accepted or
declined, etc.
","# Security Policy

## Supported Flutter Versions


| Version | Supported          |
| ------- | ------------------ |
| 5.1.x   | :white_check_mark: |

## Reporting a Security Issue

Use this section to tell people how to report a vulnerability.

Tell them where to go, how often they can expect to get an update on a
reported vulnerability, what to expect if the vulnerability is accepted or
declined, etc.
",232,1,311
"# Security Policy

## Supported Versions

Use this section to tell people about which versions of your project are
currently being supported with security updates.

| Version | Supported          |
| ------- | ------------------ |
| 5.1.x   | :white_check_mark: |
| 5.0.x   | :x:                |
| 4.0.x   | :white_check_mark: |
| < 4.0   | :x:                |

## Reporting a Vulnerability

Use this section to tell people how to report a vulnerability.

Tell them where to go, how often they can expect to get an update on a
reported vulnerability, what to expect if the vulnerability is accepted or
declined, etc.
","# Security Policy

## Supported Versions

Use this section to tell people about which versions of your project are
currently being supported with security updates.

| Version | Supported          |
| ------- | ------------------ |
| 0.0.x   | :white_check_mark: |

## Reporting a Vulnerability

Use this section to tell people how to report a vulnerability.

Tell them where to go, how often they can expect to get an update on a
reported vulnerability, what to expect if the vulnerability is accepted or
declined, etc.
",99,1,311
"# Security Policy

## Supported Versions

Use this section to tell people about which versions of your project are
currently being supported with security updates.

| Version | Supported          |
| ------- | ------------------ |
| 5.1.x   | :white_check_mark: |
| 5.0.x   | :x:                |
| 4.0.x   | :white_check_mark: |
| < 4.0   | :x:                |

## Reporting a Vulnerability

Use this section to tell people how to report a vulnerability.

Tell them where to go, how often they can expect to get an update on a
reported vulnerability, what to expect if the vulnerability is accepted or
declined, etc.
","# Security Policy

## Supported Versions

Use this section to tell people about which versions of your project are
currently being supported with security updates.

| Version | Security Fixes Until |
| ------- | -------------------- |
| 0.8.3   | Feb 15th, 2023       |
| 0.8.2   | Jan 8th, 2023        |
| 0.8.1   | Dec 31th, 2022       |
| 0.8.0   | Oct 10th, 2022       |
| 0.7.10  | Jul 6th, 2022        |
| 0.7.9   | May 1th, 2022        |
| 0.7.8   | Feb 14th, 2022       |
| 0.7.7   | Nov 24th, 2021       |
| 0.7.6   | Sep 12th, 2021       |
| 0.7.5   | Mar 16th, 2021       |
| 0.7.4   | Feb 9th, 2021        |
| 0.7.3   | Jan 8th, 2021        |
| 0.7.2   | Aug 1th, 2020        |
| 0.7.1   | Jun 22th, 2020       |
| 0.7.0   | Jul 7th, 2020        |

## Reporting a Vulnerability

If you discover a security vulnerability within Lenevor, please send an email to Alexander Campo at lenevorphp@gmail.com. All security vulnerabilities will be promptly addressed.
",569,1,311
"# Security Policy

## Supported Versions

Use this section to tell people about which versions of your project are
currently being supported with security updates.

| Version | Supported          |
| ------- | ------------------ |
| 5.1.x   | :white_check_mark: |
| 5.0.x   | :x:                |
| 4.0.x   | :white_check_mark: |
| < 4.0   | :x:                |

## Reporting a Vulnerability

Use this section to tell people how to report a vulnerability.

Tell them where to go, how often they can expect to get an update on a
reported vulnerability, what to expect if the vulnerability is accepted or
declined, etc.
","# Security Policy

## Supported Versions

Use this section to tell people about which versions of your project are
currently being supported with security updates.

| Version | Supported          |
|---------| ------------------ |
| 1.0.x.x | :white_check_mark: |
| 0.0.x.x | :x:                |

## Reporting a Vulnerability

[issues]: /issues

Please report any vulnerability, by using [Github Issues][issues]
",250,1,311
"# Security Policy

## Supported Versions

Use this section to tell people about which versions of your project are
currently being supported with security updates.

| Version | Supported          |
| ------- | ------------------ |
| 5.1.x   | :white_check_mark: |
| 5.0.x   | :x:                |
| 4.0.x   | :white_check_mark: |
| < 4.0   | :x:                |

## Reporting a Vulnerability

Use this section to tell people how to report a vulnerability.

Tell them where to go, how often they can expect to get an update on a
reported vulnerability, what to expect if the vulnerability is accepted or
declined, etc.
","# Security Policy

## Supported Versions

Use this section to tell people about which versions of your project are
currently being supported with security updates.

| Version | Supported          |
| ------- | ------------------ |
| 9.51.x   | :white_check_mark: |
| 5.0.x   | :x:                |
| 8.x   | :white_check_mark: |
| < 4.0   | :x:                |

## Reporting a Vulnerability

Use this section to tell people how to report a vulnerability.

Tell them where to go, how often they can expect to get an update on a
reported vulnerability, what to expect if the vulnerability is accepted or
declined, etc.
",5,1,311
"# Security Policy

## Supported Versions

Use this section to tell people about which versions of your project are
currently being supported with security updates.

| Version | Supported          |
| ------- | ------------------ |
| 5.1.x   | :white_check_mark: |
| 5.0.x   | :x:                |
| 4.0.x   | :white_check_mark: |
| < 4.0   | :x:                |

## Reporting a Vulnerability

Use this section to tell people how to report a vulnerability.

Tell them where to go, how often they can expect to get an update on a
reported vulnerability, what to expect if the vulnerability is accepted or
declined, etc.
","# Security Policy

## Supported Versions

Use this section to tell people about which versions of your project are
currently being supported with security updates.

| Version | Supported          |
| ------- | ------------------ |
| 4.1.x   | :construction:     |
| 4.0.x   | :construction:     |
| 3.0.x   | :white_check_mark: |
| < 3.0   | :x:                |

## Reporting a Vulnerability

Use this section to tell people how to report a vulnerability.

Tell them where to go, how often they can expect to get an update on a
reported vulnerability, what to expect if the vulnerability is accepted or
declined, etc.

",34,1,311
"# Security Policy

## Supported Versions

Use this section to tell people about which versions of your project are
currently being supported with security updates.

| Version | Supported          |
| ------- | ------------------ |
| 5.1.x   | :white_check_mark: |
| 5.0.x   | :x:                |
| 4.0.x   | :white_check_mark: |
| < 4.0   | :x:                |

## Reporting a Vulnerability

Use this section to tell people how to report a vulnerability.

Tell them where to go, how often they can expect to get an update on a
reported vulnerability, what to expect if the vulnerability is accepted or
declined, etc.
","# Security Policy

## Supported Versions

Use this section to tell people about which versions of your project are
currently being supported with security updates.

| Version | Supported          |
| ------- | ------------------ |
| > 3.0   | :white_check_mark: |
| < 3.0   | :x:                |

## Reporting a Vulnerability

Use this section to tell people how to report a vulnerability.

Tell them where to go, how often they can expect to get an update on a
reported vulnerability, what to expect if the vulnerability is accepted or
declined, etc.
",69,1,311
"# Security Policy

## Supported Versions

Use this section to tell people about which versions of your project are
currently being supported with security updates.

| Version | Supported          |
| ------- | ------------------ |
| 5.1.x   | :white_check_mark: |
| 5.0.x   | :x:                |
| 4.0.x   | :white_check_mark: |
| < 4.0   | :x:                |

## Reporting a Vulnerability

Use this section to tell people how to report a vulnerability.

Tell them where to go, how often they can expect to get an update on a
reported vulnerability, what to expect if the vulnerability is accepted or
declined, etc.
","# Security Policy

## Be Advised
# The World Watching You
With New Order In Place People Will live More Carefully

## Supported Versions

Use this section to tell people about which versions of your project are
currently being supported with security updates.

| Version | Supported          |
| ------- | ------------------ |
| 5.1.x   | :white_check_mark: |
| 5.0.x   | :x:                |
| 4.0.x   | :white_check_mark: |
| < 4.0   | :x:                |

## Reporting a Vulnerability

Use this section to tell people how to report a vulnerability.

Tell them where to go, how often they can expect to get an update on a
reported vulnerability, what to expect if the vulnerability is accepted or
declined, etc.
",96,1,311
"# Security Policy

## Supported Versions

Use this section to tell people about which versions of your project are
currently being supported with security updates.

| Version | Supported          |
| ------- | ------------------ |
| 5.1.x   | :white_check_mark: |
| 5.0.x   | :x:                |
| 4.0.x   | :white_check_mark: |
| < 4.0   | :x:                |

## Reporting a Vulnerability

Use this section to tell people how to report a vulnerability.

Tell them where to go, how often they can expect to get an update on a
reported vulnerability, what to expect if the vulnerability is accepted or
declined, etc.
","# Security Policy

## Supported Versions

Use this section to tell people about which versions of your project are
currently being supported with security updates.

| Version | Supported          |
| ------- | ------------------ |
| 5.1.x   | :white_check_mark: |
| 5.0.x   | :x:                |
| 4.0.x   | :white_check_mark: |
| < 4.0   | :x:                |

## Reporting a Vulnerability

Email john.c.conklin.az@gmail.com report a vulnerability.


",186,1,311
"# Security Policy

## Supported Versions

Use this section to tell people about which versions of your project are
currently being supported with security updates.

| Version | Supported          |
| ------- | ------------------ |
| 5.1.x   | :white_check_mark: |
| 5.0.x   | :x:                |
| 4.0.x   | :white_check_mark: |
| < 4.0   | :x:                |

## Reporting a Vulnerability

Use this section to tell people how to report a vulnerability.

Tell them where to go, how often they can expect to get an update on a
reported vulnerability, what to expect if the vulnerability is accepted or
declined, etc.
","# Security Policy

## Supported Versions

Use this section to tell people about which versions of your project are
currently being supported with security updates.

| Version | Supported          |
| ------- | ------------------ |
| 5.1.x   | :white_check_mark: |
| 5.0.x   | ✔️                |
| 4.0.x   | :white_check_mark: |
| < 4.0   | ✔️                 |

## Reporting a Vulnerability

Tell me on my discord, oleshe#9334. Describe anythoing what you know about it.
",189,1,311
"# Security Policy

## Supported Versions

Use this section to tell people about which versions of your project are
currently being supported with security updates.

| Version | Supported          |
| ------- | ------------------ |
| 5.1.x   | :white_check_mark: |
| 5.0.x   | :x:                |
| 4.0.x   | :white_check_mark: |
| < 4.0   | :x:                |

## Reporting a Vulnerability

Use this section to tell people how to report a vulnerability.

Tell them where to go, how often they can expect to get an update on a
reported vulnerability, what to expect if the vulnerability is accepted or
declined, etc.
","# Security Policy

## Supported Versions

Use this section to tell people about which versions of your project are
currently being supported with security updates.

| Version | Supported          |
| ------- | ------------------ |
| 5.1.x   | :white_check_mark: |
| 5.0.x   | :x:                |
| 4.0.x   | :white_check_mark: |
| < 4.0   | :x:                |

## Reporting a Vulnerability

Use this section to tell people how to report a vulnerability.

Tell them where to go, how often they can expect to get an update on a
reported vulnerability, what to expect if the vulnerability is accepted or
declined, etc.

Please see {{ site.baseurl }}/vulnerability-disclosure-policy/

",65,1,311
"# Security Policy

## Supported Versions

Use this section to tell people about which versions of your project are
currently being supported with security updates.

| Version | Supported          |
| ------- | ------------------ |
| 5.1.x   | :white_check_mark: |
| 5.0.x   | :x:                |
| 4.0.x   | :white_check_mark: |
| < 4.0   | :x:                |

## Reporting a Vulnerability

Use this section to tell people how to report a vulnerability.

Tell them where to go, how often they can expect to get an update on a
reported vulnerability, what to expect if the vulnerability is accepted or
declined, etc.
","# Security Policy

## Supported Versions

Use this section to tell people about which versions of your project are
currently being supported with security updates.

| Version | Supported          |
| ------- | ------------------ |
| 0.0.x   | :x:                |
| 0.0.x   | :x:                |
| 0.0.x   | :x:                |
| 1.0.x   | :white_check_mark: |

## Reporting a Vulnerability

Go to the ""Issue"" section to report a vulnerability with the code. Expect a lot of bugs with this testing phase.

",213,1,311
"# Security Policy

## Supported Versions

Use this section to tell people about which versions of your project are
currently being supported with security updates.

| Version | Supported          |
| ------- | ------------------ |
| 5.1.x   | :white_check_mark: |
| 5.0.x   | :x:                |
| 4.0.x   | :white_check_mark: |
| < 4.0   | :x:                |

## Reporting a Vulnerability

Use this section to tell people how to report a vulnerability.

Tell them where to go, how often they can expect to get an update on a
reported vulnerability, what to expect if the vulnerability is accepted or
declined, etc.
","# Security Policy

## Supported Versions

Use this section to tell people about which versions of your project are
currently being supported with security updates.

| Version | Supported          |
| ------- | ------------------ |
| 0.1.x   | :white_check_mark: |


## Reporting a Vulnerability

Use this section to tell people how to report a vulnerability.

Tell them where to go, how often they can expect to get an update on a
reported vulnerability, what to expect if the vulnerability is accepted or
declined, etc.
",99,1,311
"# Security Policy

## Supported Versions

Use this section to tell people about which versions of your project are
currently being supported with security updates.

| Version | Supported          |
| ------- | ------------------ |
| 5.1.x   | :white_check_mark: |
| 5.0.x   | :x:                |
| 4.0.x   | :white_check_mark: |
| < 4.0   | :x:                |

## Reporting a Vulnerability

Use this section to tell people how to report a vulnerability.

Tell them where to go, how often they can expect to get an update on a
reported vulnerability, what to expect if the vulnerability is accepted or
declined, etc.
","# Security Policy

## Supported Versions

Use this section to tell people about which versions of your project are
currently being supported with security updates.

| Version | Supported          |
| ------- | ------------------ |
| 5.1.x   | ✔️ |

## Reporting a Vulnerability

Please report any bug report or vulnerabilities to the [admin email list](mailto:nishkarshraj000@gmail.com)
",286,1,311
"# Security Policy

## Supported Versions

Use this section to tell people about which versions of your project are
currently being supported with security updates.

| Version | Supported          |
| ------- | ------------------ |
| 5.1.x   | :white_check_mark: |
| 5.0.x   | :x:                |
| 4.0.x   | :white_check_mark: |
| < 4.0   | :x:                |

## Reporting a Vulnerability

Use this section to tell people how to report a vulnerability.

Tell them where to go, how often they can expect to get an update on a
reported vulnerability, what to expect if the vulnerability is accepted or
declined, etc.
","# Security Policy

## Supported Versions

Use this section to tell people about which versions of your project are
currently being supported with security updates.

| Version          | Supported          |
| ---------------- | ------------------ |
| WPF              | :x:                |
| < net48          | :x:                |
| net48            | :white_check_mark: |
| netcoreapp3.0    | :white_check_mark: |
| netcoreapp3.1    | :white_check_mark: |
| net5.0-windows   | :white_check_mark: |
| net6.0-windows   | :white_check_mark: |
| net7.0-windows   | :white_check_mark: |

## Reporting a Vulnerability

Use this section to tell people how to report a vulnerability.

Tell them where to go, how often they can expect to get an update on a
reported vulnerability, what to expect if the vulnerability is accepted or
declined, etc.
",255,1,311
"# Security Policy

## Supported Versions

Use this section to tell people about which versions of your project are
currently being supported with security updates.

| Version | Supported          |
| ------- | ------------------ |
| 5.1.x   | :white_check_mark: |
| 5.0.x   | :x:                |
| 4.0.x   | :white_check_mark: |
| < 4.0   | :x:                |

## Reporting a Vulnerability

Use this section to tell people how to report a vulnerability.

Tell them where to go, how often they can expect to get an update on a
reported vulnerability, what to expect if the vulnerability is accepted or
declined, etc.
","# Security Policy

## Supported Versions

Use this section to tell people about which versions of your project are
currently being supported with security updates.

| Version | Supported          |
| ------- | ------------------ |
| 5.1.x   | :white_check_mark: |
| 5.0.x   | :x:                |
| 4.0.x   | :white_check_mark: |
| 4.0   | :x:                |
| 8.8.x | Not Known
| 4.7.x | :white_check_mark:|
| 5.2.5 | ✅
## Reporting a Vulnerability

Use this section to tell people how to report a vulnerability.

Tell them where to go, how often they can expect to get an update on a
reported vulnerability, what to expect if the vulnerability is accepted or
declined, etc.
",63,1,311
"# Security Policy

## Supported Versions

Use this section to tell people about which versions of your project are
currently being supported with security updates.

| Version | Supported          |
| ------- | ------------------ |
| 5.1.x   | :white_check_mark: |
| 5.0.x   | :x:                |
| 4.0.x   | :white_check_mark: |
| < 4.0   | :x:                |

## Reporting a Vulnerability

Use this section to tell people how to report a vulnerability.

Tell them where to go, how often they can expect to get an update on a
reported vulnerability, what to expect if the vulnerability is accepted or
declined, etc.
","# Security Policy

## Supported Versions

Use this section to tell people about which versions of your project are
currently being supported with security updates.

| Version | Supported          |
| ------- | ------------------ |
| Latest  | ✅                |

## Reporting a Vulnerability

Please submit an issue at https://github.com/betatester1024/BetaUtilities/issues/new and we will get back to you as soon as possible.
Alternatively, contact BetaOS at betatester1025@protonmail.com or find us at https://euphoria.io/room/xkcd/ or https://betatester1024.repl.co/contact.
",305,1,311
"# Security Policy

## Supported Versions

Use this section to tell people about which versions of your project are
currently being supported with security updates.

| Version | Supported          |
| ------- | ------------------ |
| 5.1.x   | :white_check_mark: |
| 5.0.x   | :x:                |
| 4.0.x   | :white_check_mark: |
| < 4.0   | :x:                |

## Reporting a Vulnerability

Use this section to tell people how to report a vulnerability.

Tell them where to go, how often they can expect to get an update on a
reported vulnerability, what to expect if the vulnerability is accepted or
declined, etc.
","# Security Policy

## Supported Versions

Use this section to tell people about which versions of your project are
currently being supported with security updates.

| Version | Supported          |
| ------- | ------------------ |
| < 5.0   | :x:                |
| 5.0.x   | :white_check_mark: |
| 6.0.x   | :white_check_mark: |
| 7.0.x   | :white_check_mark: |

## Reporting a Vulnerability

Use this section to tell people how to report a vulnerability.

Tell them where to go, how often they can expect to get an update on a
reported vulnerability, what to expect if the vulnerability is accepted or
declined, etc.
",60,1,311
"# Security Policy

## Supported Versions

Use this section to tell people about which versions of your project are
currently being supported with security updates.

| Version | Supported          |
| ------- | ------------------ |
| 5.1.x   | :white_check_mark: |
| 5.0.x   | :x:                |
| 4.0.x   | :white_check_mark: |
| < 4.0   | :x:                |

## Reporting a Vulnerability

Use this section to tell people how to report a vulnerability.

Tell them where to go, how often they can expect to get an update on a
reported vulnerability, what to expect if the vulnerability is accepted or
declined, etc.
","# Security Policy

## Supported Versions

Use this section to tell people about which versions of your project are
currently being supported with security updates.

| Version | Supported          |
| ------- | ------------------ |
| 5.1.x   | :white_check_mark: |
| 5.0.x   | :x:                |
| 4.0.x   | :white_check_mark: |
| < 4.0   | :x:                |

## Reporting a Vulnerability

To report a vulnerability please create an issue against this repository.

You can go to the following link to report a vulnerability:

- [Spectacles-Workflow Issues](https://github.com/Richard-Barrett/spectacles-workflow/issues)
",188,1,311
"# Security Policy

## Supported Versions

Use this section to tell people about which versions of your project are
currently being supported with security updates.

| Version | Supported          |
| ------- | ------------------ |
| 5.1.x   | :white_check_mark: |
| 5.0.x   | :x:                |
| 4.0.x   | :white_check_mark: |
| < 4.0   | :x:                |

## Reporting a Vulnerability

Use this section to tell people how to report a vulnerability.

Tell them where to go, how often they can expect to get an update on a
reported vulnerability, what to expect if the vulnerability is accepted or
declined, etc.
","# Security Policy

## Supported Versions

Use this section to tell people about which versions of your project are
currently being supported with security updates.

| Version | Supported          |
| ------- | ------------------ |
| > 1.0   | :white_check_mark: |

## Reporting a Vulnerability

Use this section to tell people how to report a vulnerability.

Tell them where to go, how often they can expect to get an update on a
reported vulnerability, what to expect if the vulnerability is accepted or
declined, etc.
",101,1,311
"# Security Policy

## Supported Versions

Use this section to tell people about which versions of your project are
currently being supported with security updates.

| Version | Supported          |
| ------- | ------------------ |
| 5.1.x   | :white_check_mark: |
| 5.0.x   | :x:                |
| 4.0.x   | :white_check_mark: |
| < 4.0   | :x:                |

## Reporting a Vulnerability

Use this section to tell people how to report a vulnerability.

Tell them where to go, how often they can expect to get an update on a
reported vulnerability, what to expect if the vulnerability is accepted or
declined, etc.
","Security Policy

Appstore Supported Versions

Use this section to tell people about which versions of your project are
currently being supported with security updates.

| Version | Supported          |
| 1.0 
",424,1,311
"# Security Policy

## Supported Versions

Use this section to tell people about which versions of your project are
currently being supported with security updates.

| Version | Supported          |
| ------- | ------------------ |
| 5.1.x   | :white_check_mark: |
| 5.0.x   | :x:                |
| 4.0.x   | :white_check_mark: |
| < 4.0   | :x:                |

## Reporting a Vulnerability

Use this section to tell people how to report a vulnerability.

Tell them where to go, how often they can expect to get an update on a
reported vulnerability, what to expect if the vulnerability is accepted or
declined, etc.
","# Security Policy

## Supported Versions

Use this section to tell people about which versions of your project are
currently being supported with security updates.

| Version | Supported          |
| ------- | ------------------ |
| 4.0.x   | :white_check_mark: |
| < 4.0   | :x:                |

## Reporting a Vulnerability

Use this section to tell people how to report a vulnerability.

Tell them where to go, how often they can expect to get an update on a
reported vulnerability, what to expect if the vulnerability is accepted or
declined, etc.
",66,1,311
"# Security Policy

## Supported Versions

Use this section to tell people about which versions of your project are
currently being supported with security updates.

| Version | Supported          |
| ------- | ------------------ |
| 5.1.x   | :white_check_mark: |
| 5.0.x   | :x:                |
| 4.0.x   | :white_check_mark: |
| < 4.0   | :x:                |

## Reporting a Vulnerability

Use this section to tell people how to report a vulnerability.

Tell them where to go, how often they can expect to get an update on a
reported vulnerability, what to expect if the vulnerability is accepted or
declined, etc.
","# Security Policy

## Supported Versions
## All Version is compatible

Use this section to tell people about which versions of your project are
currently being supported with security updates.

| Version | Supported          |
| ------- | ------------------ |
| 5.1.x   | :white_check_mark: |
| 5.0.x   | :x:                |
| 4.0.x   | :white_check_mark: |
| < 4.0   | :x:                |

## Reporting a Vulnerability
![image](https://user-images.githubusercontent.com/125278761/218472090-b82f0996-c557-473e-b2c4-04eb6602940f.png)

Use this section to tell people how to report a vulnerability.

Tell them where to go, how often they can expect to get an update on a
reported vulnerability, what to expect if the vulnerability is accepted or
declined, etc.
",142,1,311
"# Security Policy

## Supported Versions

Use this section to tell people about which versions of your project are
currently being supported with security updates.

| Version | Supported          |
| ------- | ------------------ |
| 5.1.x   | :white_check_mark: |
| 5.0.x   | :x:                |
| 4.0.x   | :white_check_mark: |
| < 4.0   | :x:                |

## Reporting a Vulnerability

Use this section to tell people how to report a vulnerability.

Tell them where to go, how often they can expect to get an update on a
reported vulnerability, what to expect if the vulnerability is accepted or
declined, etc.
","# Security Policy

## Supported Versions

Use this section to tell people about which versions of your project are
currently being supported with security updates.

| Version | Supported          |
| ------- | ------------------ |
| 5.1.x   | :white_check_mark: |
| 5.0.x   | :white_check_mark:                |
| 4.0.x   | :white_check_mark: |
| < 4.0   | :x:                |

## Reporting a Vulnerability

Use this section to tell people how to report a vulnerability.

Tell them where to go, how often they can expect to get an update on a
reported vulnerability, what to expect if the vulnerability is accepted or
declined, etc.
",16,1,311
"# Security Policy

## Supported Versions

Use this section to tell people about which versions of your project are
currently being supported with security updates.

| Version | Supported          |
| ------- | ------------------ |
| 5.1.x   | :white_check_mark: |
| 5.0.x   | :x:                |
| 4.0.x   | :white_check_mark: |
| < 4.0   | :x:                |

## Reporting a Vulnerability

Use this section to tell people how to report a vulnerability.

Tell them where to go, how often they can expect to get an update on a
reported vulnerability, what to expect if the vulnerability is accepted or
declined, etc.
","# Security Policy

## Supported Versions

Use this section to tell people about which versions of your project are
currently being supported with security updates.

| Version | Supported          |
| ------- | ------------------ |
| 5.1.x   | :white_check_mark: |
| 4.0.x   | :white_check_mark: |

## Reporting a Vulnerability

Use this section to tell people how to report a vulnerability.

Tell them where to go, how often they can expect to get an update on a
reported vulnerability, what to expect if the vulnerability is accepted or
declined, etc.
",66,1,311
"# Security Policy

## Supported Versions

Use this section to tell people about which versions of your project are
currently being supported with security updates.

| Version | Supported          |
| ------- | ------------------ |
| 5.1.x   | :white_check_mark: |
| 5.0.x   | :x:                |
| 4.0.x   | :white_check_mark: |
| < 4.0   | :x:                |

## Reporting a Vulnerability

Use this section to tell people how to report a vulnerability.

Tell them where to go, how often they can expect to get an update on a
reported vulnerability, what to expect if the vulnerability is accepted or
declined, etc.
","# Security Policy

## Supported Versions

Use this section to tell people about which versions of your project are
currently being supported with security updates.

| Version | Supported          |
| ------- | ------------------ |
| < 6.0   | :x:                |
| 6.0.x   | :white_check_mark: |
| 7.0.x   | :white_check_mark: |

## Reporting a Vulnerability

Use this section to tell people how to report a vulnerability.

Tell them where to go, how often they can expect to get an update on a
reported vulnerability, what to expect if the vulnerability is accepted or
declined, etc.
",57,1,311
"# Security Policy

## Supported Versions

Use this section to tell people about which versions of your project are
currently being supported with security updates.

| Version | Supported          |
| ------- | ------------------ |
| 5.1.x   | :white_check_mark: |
| 5.0.x   | :x:                |
| 4.0.x   | :white_check_mark: |
| < 4.0   | :x:                |

## Reporting a Vulnerability

Use this section to tell people how to report a vulnerability.

Tell them where to go, how often they can expect to get an update on a
reported vulnerability, what to expect if the vulnerability is accepted or
declined, etc.
","# Security Policy

## Supported Versions

Use this section to tell people about which versions of your project are
currently being supported with security updates.

| Version | Supported          |
| ------- | ------------------ |
| 1.0.0   | :white_check_mark: |

## Reporting a Vulnerability

Use this section to tell people how to report a vulnerability.

Tell them where to go, how often they can expect to get an update on a
reported vulnerability, what to expect if the vulnerability is accepted or
declined, etc.
",99,1,311
"# Security Policy

## Supported Versions

Use this section to tell people about which versions of your project are
currently being supported with security updates.

| Version | Supported          |
| ------- | ------------------ |
| 5.1.x   | :white_check_mark: |
| 5.0.x   | :x:                |
| 4.0.x   | :white_check_mark: |
| < 4.0   | :x:                |

## Reporting a Vulnerability

Use this section to tell people how to report a vulnerability.

Tell them where to go, how often they can expect to get an update on a
reported vulnerability, what to expect if the vulnerability is accepted or
declined, etc.
","# Security Policy
This application requires some access to run properly.

Permission on Manifest :
- INTERNET
- ACCESS_NETWORK_STATE
- ACCESS_WIFI_STATE
- READ_EXTERNAL_STORAGE
- WRITE_EXTERNAL_STORAGE
- ACCESS_FINE_LOCATION
- BIND_NOTIFICATION_LISTENER_SERVICE

## Supported Versions

Use this section to tell people about which versions of your project are
currently being supported with security updates.

| Version | Supported          |
| ------- | ------------------ |
| 5.1.x   | :white_check_mark: |
| 5.0.x   | :x:                |
| 4.0.x   | :white_check_mark: |
| < 4.0   | :x:                |

## Reporting a Vulnerability

Use this section to tell people how to report a vulnerability.

Tell them where to go, how often they can expect to get an update on a
reported vulnerability, what to expect if the vulnerability is accepted or
declined, etc.
",244,1,311
"# Security Policy

## Supported Versions

Use this section to tell people about which versions of your project are
currently being supported with security updates.

| Version | Supported          |
| ------- | ------------------ |
| 5.1.x   | :white_check_mark: |
| 5.0.x   | :x:                |
| 4.0.x   | :white_check_mark: |
| < 4.0   | :x:                |

## Reporting a Vulnerability

Use this section to tell people how to report a vulnerability.

Tell them where to go, how often they can expect to get an update on a
reported vulnerability, what to expect if the vulnerability is accepted or
declined, etc.
","# Security Policy

## Supported Versions

Use this section to tell people about which versions of your project are
currently being supported with security updates.

| Version | Supported          |
| ------- | ------------------ |
| 1.3.x   | :white_check_mark: |
| 1.2.1   | :white_check_mark: |
| < 1.2.1   | :x:                |

## Reporting a Vulnerability
Please report (suspected) security vulnerabilities to richardgirges@gmail.com. You will receive a response from us within 72 hours. If the issue is confirmed, we will release a patch as soon as possible depending on complexity but historically within a few days.
",240,1,311
"# Security Policy

## Supported Versions

Use this section to tell people about which versions of your project are
currently being supported with security updates.

| Version | Supported          |
| ------- | ------------------ |
| 5.1.x   | :white_check_mark: |
| 5.0.x   | :x:                |
| 4.0.x   | :white_check_mark: |
| < 4.0   | :x:                |

## Reporting a Vulnerability

Use this section to tell people how to report a vulnerability.

Tell them where to go, how often they can expect to get an update on a
reported vulnerability, what to expect if the vulnerability is accepted or
declined, etc.
","# Security Policy

## Supported Versions

Use this section to tell people about which versions of your project are
currently being supported with security updates.

| Version | Supported          |
| ------- | ------------------ |
| 3.0.x   | :white_check_mark: |
| < 3.0   | :x:                |

## Reporting a Vulnerability

To report a security breach, please contact a Maintainers via the Discord s42 server.
",240,1,311
"# Security Policy

## Supported Versions

Use this section to tell people about which versions of your project are
currently being supported with security updates.

| Version | Supported          |
| ------- | ------------------ |
| 5.1.x   | :white_check_mark: |
| 5.0.x   | :x:                |
| 4.0.x   | :white_check_mark: |
| < 4.0   | :x:                |

## Reporting a Vulnerability

Use this section to tell people how to report a vulnerability.

Tell them where to go, how often they can expect to get an update on a
reported vulnerability, what to expect if the vulnerability is accepted or
declined, etc.
","# Security Policy

## Supported Versions

The project is supported through the following browsers:

| Browser | Supported          |
| ------- | ------------------ |
| Firefox | :white_check_mark: |
| Chrome  | :white_check_mark: |
| Safari  | :white_check_mark: |
| Edge    | :white_check_mark: |

## Reporting a Vulnerability

Use this section to tell people how to report a vulnerability.

Report the [Issue Request](https://github.com/clcmo/web/issues/new?assignees=&labels=&template=bug_report.md&title=), with details on the vulnerabilities found on the page.

A screenshot and a code snippet with the reported message are also valid.
",341,1,311
