Name,Files
pkumar15/Getting-and-Cleaning-Data-Programming-Assignment,"['CodeBook.md', 'README.md', 'output.txt', 'run_analysis.R']"
boryanakis/python-data-visualization-course,"['.gitignore', 'README.md', 'Section 2 - Basics of data visualization', 'Section 3 - Data visualization in Python - matplotlib']"
gamer7569/bootstrap-sass,"['.gitignore', '.travis.yml', 'CHANGELOG.md', 'CONTRIBUTING.md', 'Gemfile', 'LICENSE', 'README.md', 'Rakefile', 'assets', 'bootstrap-sass.gemspec', 'bower.json', 'composer.json', 'eyeglass-exports.js', 'lib', 'package.json', 'sache.json', 'tasks', 'templates', 'test']"
chrisnappin/aws-templates,"['.gitignore', 'LICENSE', 'README.md', 'basic-loadbalanced-webserver', 'basic-standalone-server', 'basic-standalone-webserver', 'pre-requisites.md', 's3-website', 'using-cloudformation.md']"
xbranca/Lcd3Dot5Digits_Arduino_lib,"['LICENSE', 'Lcd3Dot5Digits', 'README.md']"
Sphilippe7/BostonOutcomes,"['IntroToOutcomes_BOS.pptx', 'README.md']"
MNie/TDDKataFirst,"['.gitignore', 'Kata.Calculator.sln', 'LICENSE', 'README.md', 'src', 'tests']"
oferraro/dd,"['base-api', 'boilerplate-front', 'wireframes']"
HaiNguyen007/openupgradelib,"['.coveragerc', '.editorconfig', '.gitignore', '.travis.yml', 'AUTHORS.rst', 'CONTRIBUTING.rst', 'HISTORY.rst', 'LICENSE', 'MANIFEST.in', 'README.rst', 'docs', 'openupgradelib', 'requirements.txt', 'setup.cfg', 'setup.py', 'tests']"
vladmosko/templates,"['README.md', 'Tree.cpp', 'basicSegmentTree.cpp', 'binaryPower.cpp', 'cavesAndTunnels.cpp', 'convexHullTrickMax.cpp', 'diofantiteEquation.cpp', 'discreteLogarithm.cpp', 'dsu.cpp', 'eulerFunction.cpp', 'extendedGcd.cpp', 'factorialByModulo.cpp', 'findFibonacciNumber.cpp', 'funnySnippets.cpp', 'grayCode.cpp', 'moduloInverse.cpp', 'myExceptions.cpp', 'namespaceAlgebra.cpp', 'sieveOfEratosthenes.cpp']"
johnpark/test,['README.md']
eva123456/technopark-db-api,"['.gitignore', 'README.md', 'conf', 'doc', 'lib', 'requirements.txt', 'tests']"
steve-torchia/jspm-config-auth,"['.appveyor.yml', '.gitattributes', '.gitignore']"
milatest/open-enrollment-classes-introduction-to-github,"['.github', '.gitignore', '.travis.yml', 'ChristianElinisa', 'Gemfile', 'Gemfile.lock', 'README.md', '_config.yml', '_layouts', '_pages', '_pins', 'createMap.topojson', 'extwii_london.topojson', 'index.html', 'render.js', 'script', 'test']"
chenevas/Arduino,"['.gitignore', '.travis.yml', 'ISSUE_TEMPLATE.md', 'LICENSE', 'README.md', 'boards.txt', 'bootloaders', 'cores', 'doc', 'libraries', 'package', 'platform.txt', 'programmers.txt', 'tests', 'tools', 'variants']"
marutinandanpandya/guidelines,['README.md']
alankent/m2-kickstart,"['.gitignore', 'MAC-OSX-SHELL.sh', 'MAC-OSX-START.sh', 'MAC-OSX-STOP.sh', 'README.md', 'WINDOWS-SETTINGS.BAT', 'WINDOWS-SHELL.BAT', 'WINDOWS-START.BAT', 'WINDOWS-STOP.BAT']"
spatialy/Mautic_CRM,"['Assets', 'Config', 'Controller', 'CustomCrmBundle.php', 'Entity', 'EventListener', 'Form', 'Helper', 'LICENSE', 'Model', 'README.md', 'Translations', 'Views']"
mralext20/apex-sigma,"['.ci', '.dockerignore', '.editorconfig', '.flake8', '.gitignore', '.travis.yml', 'AUTHORS', 'COMMANDLIST.md', 'Dockerfile', 'LICENSE', 'Procfile', 'README.md', 'TODO.md', 'config_example.py', 'db', 'docker-compose.yml', 'img', 'requirements.txt', 'run.py', 'runtime.txt', 'scripts', 'scrolls.json', 'sigma', 'storage', 'tests']"
jingyuanChou/Query-Expansion-on-Google-Search,"['DBOutputWritable.java', 'Driver.java', 'LanguageModel.java', 'NGramLibraryBuilder.java', 'README.md']"
j9stuart/hb_lab_sql_project-tracker-py,"['.gitignore', 'hackbright.py', 'hackbright.sql', 'requirements.txt']"
felipeamp/BasicLinearAlgebra,"['.gitignore', 'README.md', 'main.py']"
Pratterino/react-portfolio,"['.gitignore', 'README.md', 'favicons', 'index.html', 'portfolio']"
gocheap/extensions,"['.gitignore', 'Print-PDF-Button', 'README.md', 'bb-examples', 'bb-library', 'bb-locale', 'bb-modules', 'bb-themes']"
francisphan/Workshop4and5,"['.eslintrc', '.gitignore', 'README.md', 'app', 'build', 'package.json', 'webpack.config.js']"
HakanYAZICI/NodeJS-Microblog,"['access.log', 'app.js', 'cluster.js', 'error.log', 'models', 'node_modules', 'package.json', 'public', 'routes', 'settings.js', 'views']"
andrewfishersb/bar-taps,"['.gitignore', 'README.md', 'app', 'bower.json', 'gulpfile.js', 'index.html', 'package.json', 'resources', 'systemjs.config.js', 'tsconfig.json', 'typings.json']"
BrunoCanto/Forunzao,['README.md']
PeopleNet/private_s3_httpd,"['.gitignore', '.travis.yml', 'Dockerfile', 'LICENSE', 'Makefile', 'README.md', 'private_s3_httpd.go', 'proxy.go', 'vendor']"
mpdunning/sdgIOC,"['.gitignore', 'Makefile', 'README', 'RELEASE_NOTES', 'configure', 'iocBoot', 'sdgApp']"
zachharkey/gh2,['README.md']
NR-G/CrisisEye,"['CrisisEyeWebServices', 'Demo', 'ICD.zip', 'README.md', 'SDNProjectDoc.docx', 'project_plan.docx']"
underwnm/Fizzbuzz,"['.gitignore', '.vs', 'Fizzbuzz.sln', 'Fizzbuzz']"
PSquared0/hackbright_sql_lab,"['.gitignore', 'hackbright.py', 'hackbright.sql', 'requirements.txt']"
johanv/mycivibuild,"['.docker', '.gitignore', '.idea', 'README.md', 'docker-compose.yml', 'setup']"
juanbecaria/TrabajoBoot,"['.gitattributes', '.gitignore', 'pom.xml', 'src']"
NelsonBilber/design.patterns.Gof,"['Behavioural Patterns', 'Creational Patterns', 'README.md', 'Structural Patterns', 'compile.txt']"
MaxNevermind/Java-snippets,"['.gitignore', 'README.md', 'pom.xml', 'src']"
alexxloo/CSS3-Modal,"['README.md', 'css', 'index.html']"
nnegri/hackbright-project-tracker-py,"['.gitignore', 'hackbright.py', 'hackbright.sql', 'requirements.txt']"
amejiarosario/protractor-video-reporter,"['.gitignore', '.jshintrc', 'History.md', 'LICENSE', 'index.js', 'lib', 'package.json', 'readme.md']"
razerjon24/ppl,"['.idea', 'application', 'assets', 'bootstrap', 'cache', 'composer.json', 'config', 'contributing.md', 'controllers', 'core', 'credentialPPL', 'helpers', 'hooks', 'images', 'index.html', 'index.php', 'language', 'libraries', 'license.txt', 'logs', 'maintenance.php', 'models', 'readme.rst', 'system', 'third_party', 'user_guide', 'views']"
Gonzalosanto/ProyectoCanTrou,"['.gitignore', 'CanTrou']"
jdenisgiguere/osrm-frontend,"['.eslintignore', '.eslintrc', '.gitignore', 'CNAME', 'LICENSE', 'Makefile', 'README.md', 'bundle.js', 'bundle.js.map', 'bundle.raw.js', 'css', 'debug', 'favicon.ico', 'fonts', 'i18n', 'images', 'index.html', 'package.json', 'src']"
vikram8895963240/vikram,['README.md']
pegapp/spring-security,"['.editorconfig', '.github', '.gitignore', '.travis.yml', 'CODE_OF_CONDUCT.adoc', 'CONTRIBUTING.md', 'README.adoc', 'acl', 'aspects', 'bom', 'build.gradle', 'buildSrc', 'cas', 'class_mapping_from_2.0.x.txt', 'config', 'core', 'crypto', 'data', 'docs', 'etc', 'gradle.properties', 'gradle', 'gradlew', 'gradlew.bat', 'itest', 'ldap', 'license.txt', 'messaging', 'notice.txt', 'openid', 'remoting', 'samples', 'sandbox', 'settings.gradle', 'taglibs', 'test', 'web']"
vladpavlovic/oauth2server,"['composer.json', 'oauth2server.admin.inc', 'oauth2server.drush.inc', 'oauth2server.info', 'oauth2server.install', 'oauth2server.module', 'src']"
Laykou/fiit-vi-2016,"['Gallay_VI_Zadanie_1.pdf', 'Gallay_VI_Zadanie_1.zip', 'crawler.rb', 'kibana_urls.txt', 'query_1.txt', 'query_2.txt', 'query_4.txt', 'query_4_reindex.txt', 'query_5.txt']"
ccctech/pipeline-plugin,"['.idea', 'CHANGES.md', 'COMPATIBILITY.md', 'CONTRIBUTING.md', 'DEVGUIDE.md', 'README.md', 'TUTORIAL.md']"
mysefs/jansson,"['.gitignore', '.travis.yml', 'Android.mk', 'CHANGES', 'CMakeLists.txt', 'CleanSpec.mk', 'LICENSE', 'Makefile.am', 'README.rst', 'android', 'appveyor.yml', 'cmake', 'configure.ac', 'doc', 'examples', 'jansson.pc.in', 'release.sh', 'src', 'test']"
martin-bauer/uebung1,"['build.xml', 'manifest.mf', 'nbproject', 'src']"
financialintelligence/financialintelligence.github.com,"['README.md', '_config.yml']"
kensm0924/silver-octo-broccoli,['README.md']
jjborie/learning-oop-in-php,"['CONTRIBUTING.md', 'README.md']"
kudlajz/konva,"['.eslintrc', '.gitignore', '.travis.yml', 'CHANGELOG.md', 'ISSUE_TEMPLATE.md', 'README.md', 'bower.json', 'gulpfile.js', 'konva.d.ts', 'konva.js', 'konva.min.js', 'package.json', 'release.sh', 'resources', 'src', 'test']"
IzaGz/hapi-webpack-plugin,"['.babelrc', '.editorconfig', '.eslintrc', '.gitattributes', '.gitignore', '.npmignore', 'package.json', 'readme.md', 'src']"
wendelas/HelloXamarinOS,"['.gitattributes', '.gitignore', 'HelloXamarinOS.sln', 'HelloXamarinOS']"
alexfx1/FirstTrimestreAlexfx1,"['.gitignore', 'Assets', 'ProjectSettings']"
IinumaD/StrikeGame,"['.gitattributes', '.gitignore', 'Engine', 'Example', 'Icon.ico', 'Main.cpp', 'Resource.rc', 'StrikeGame.sln', 'StrikeGame.vcxproj', 'StrikeGame.vcxproj.filters']"
Giousa/wire,"['.buildscript', '.gitignore', '.travis.yml', 'BUG-BOUNTY.md', 'CHANGELOG.md', 'CONTRIBUTING.md', 'LICENSE.txt', 'README.md', 'checkstyle.xml', 'gen_tests.sh', 'pom.xml', 'sample', 'wire-codegen-sample', 'wire-compiler', 'wire-gson-support', 'wire-java-generator', 'wire-maven-plugin', 'wire-runtime', 'wire-schema', 'wire-testing', 'wire-tests']"
MhndMousa/User-Authenticator,"['GPIOClass.cpp', 'GPIOClass.h', 'README.md', 'log.txt', 'rclub.cpp', 'robotics_members.txt', 'usb-getline.cpp']"
alepulver/xsd-extractor,"['.gitignore', '.gradle', 'README.md', 'build.gradle', 'gradle', 'gradlew', 'gradlew.bat', 'settings.gradle', 'src']"
jiapeiyang/testgit,"['b.txt', 'readme.txt', 'test.txt']"
lhp3851/cocos2d-x,"['.gitattributes', '.gitignore', '.gitmodules', '.travis.yml', 'AUTHORS', 'CHANGELOG', 'CMakeLists.txt', 'CONTRIBUTING.md', 'README.cmake', 'README.md', 'build', 'cmake', 'cocos', 'docs', 'download-deps.py', 'extensions', 'external', 'issue_template.md', 'licenses', 'plugin', 'setup.py', 'templates', 'tests', 'tools', 'web']"
JuneAndGreen/doimg,"['.gitignore', '.npmignore', 'LICENCE_MIT', 'README.md', 'index.js', 'package-lock.json', 'package.json', 'src', 'test']"
votrongdao/Boostnote,"['.babelrc', '.eslintignore', '.eslintrc', '.gitignore', '.travis.yml', 'LICENSE', 'appdmg.json', 'browser', 'contributing.md', 'docs', 'gruntfile.js', 'index.js', 'lib', 'package.json', 'readme-ja.md', 'readme.md', 'resources', 'tests', 'webpack-production.config.js', 'webpack-skeleton.js', 'webpack.config.js']"
Aerlinger/yo-react,"['.babelrc', '.editorconfig', '.eslintrc', '.gitignore', 'Readme.md', 'cfg', 'dist', 'karma.conf.js', 'package.json', 'server.js', 'spec', 'src', 'test', 'webpack.config.js']"
Lusti/skriptimine,"['praks1', 'praks2', 'praks3', 'praks4', 'praks5', 'praks6', 'praks7']"
utike/MegucoServer,"['.gitignore', '.gitmodules', 'Ext', 'LICENSE', 'Marefile', 'README.md', 'Src', 'generate', 'generate.bat']"
robesonm93/CamelCaseParser,['CamelCaseParser.cs']
uziandari/spr,"['asset-manifest.json', 'index.html', 'static']"
franziskuskiefer/node,"['.editorconfig', '.eslintignore', '.eslintrc.yaml', '.gitattributes', '.github', '.gitignore', '.mailmap', '.remarkrc', 'AUTHORS', 'BSDmakefile', 'BUILDING.md', 'CHANGELOG.md', 'CODE_OF_CONDUCT.md', 'COLLABORATOR_GUIDE.md', 'CONTRIBUTING.md', 'GOVERNANCE.md', 'LICENSE', 'Makefile', 'README.md', 'ROADMAP.md', 'WORKING_GROUPS.md', 'android-configure', 'benchmark', 'common.gypi', 'configure', 'deps', 'doc', 'lib', 'node.gyp', 'src', 'test', 'tools', 'vcbuild.bat']"
ardakazanci/ttt-6-position-taken-rb-cb-gh-000,"['.learn', '.rspec', 'Gemfile', 'Gemfile.lock', 'README.md', 'lib', 'spec']"
IINemo/syntaxnet_wrapper,"['README.md', 'src']"
muriloime/lectures,"['Lecture 1a - Introduction.pdf', 'Lecture 1b - Deep Neural Networks Are Our Friends.pdf', 'Lecture 2a- Word Level Semantics.pdf', 'Lecture 2b - Overview of the Practicals.pdf', 'Lecture 3 - Language Modelling and RNNs Part 1.pdf', 'Lecture 4 - Language Modelling and RNNs Part 2.pdf', 'README.md']"
azhen32/Picture,"['.idea', 'Picture.iml', 'pom.xml', 'src']"
TareqElMasri/archivedemusique,"['MusiqueCoverFeb17.png', 'MusiqueCoverFeb17.psd', 'README.md']"
lianggang145/project,"['x09tpl', 'z09tpl.sql']"
ljx0305/retrofit,"['.buildscript', '.github', '.gitignore', '.travis.yml', 'BUG-BOUNTY.md', 'CHANGELOG.md', 'LICENSE.txt', 'README.md', 'checkstyle.xml', 'deploy_website.sh', 'pom.xml', 'retrofit-adapters', 'retrofit-converters', 'retrofit-mock', 'retrofit', 'samples', 'website']"
horusgeo/ApPonto,"['.gitignore', '.idea', 'app', 'build.gradle', 'gradle.properties', 'gradle', 'gradlew', 'gradlew.bat', 'settings.gradle']"
KarenBreytenbach/mobile,"['.gitignore', '.travis.yml', 'Dockerfile', 'LICENSE', 'README.md', 'docs', 'index.js', 'lib', 'package.json', 'samples', 'test', 'vendor', 'worker.json']"
mjuszczyk1/laravel-blog,"['.env.example', '.gitattributes', '.gitignore', 'app', 'artisan', 'bootstrap', 'composer.json', 'composer.lock', 'config', 'database', 'package.json', 'phpunit.xml', 'public', 'readme.md', 'resources', 'routes', 'server.php', 'storage', 'tests', 'webpack.mix.js', 'yarn.lock']"
hugoabonizio/camvas,"['README.md', 'images', 'index.html', 'javascripts', 'params.json', 'stylesheets']"
jvsantana/react-native-ui-kitten,"['.gitignore', '.npmignore', 'LICENSE.txt', 'README.md', 'assets', 'components', 'docs', 'examples', 'index.js', 'package.json', 'util']"
beejhuff/macOS-Disk-Creator,"['.gitignore', 'LICENSE', 'README.md', 'macOS Disk Creator.xcodeproj', 'macOS Disk Creator']"
buiduccuong30051989/api-samples,"['README.md', 'apps-script', 'dotnet', 'go', 'java', 'javascript', 'php', 'player', 'python', 'python_appengine', 'ruby']"
arifwahyunugroho/miwokappudacity,"['.gitignore', 'CONTRIBUTING.md', 'LICENSE', 'app', 'build.gradle', 'gradle.properties', 'gradle', 'gradlew', 'gradlew.bat', 'settings.gradle']"
acogagic/pirateDeck,"['.env.example', '.gitattributes', '.gitignore', '.vagrant', 'Vagrantfile', 'app', 'artisan', 'bootstrap', 'composer.json', 'composer.lock', 'config', 'database', 'package.json', 'phpunit.xml', 'public', 'readme.md', 'resources', 'routes', 'server.php', 'storage', 'tests', 'webpack.mix.js']"
lonerwolf/lichee-pi-zero,"['HardWare', 'Picture', 'README.md', 'SoftWare']"
animesh1987/quizzter,['www']
HNKF/Developing-iOS-9-Apps-with-Swift,"['README.md', 'download.md', 'subtitles']"
glefait/cassandra,"['.gitignore', '.rat-excludes', 'CHANGES.txt', 'CONTRIBUTING.md', 'LICENSE.txt', 'NEWS.txt', 'NOTICE.txt', 'README.asc', 'bin', 'build.properties.default', 'build.xml', 'conf', 'debian', 'doc', 'eclipse_compiler.properties', 'examples', 'ide', 'lib', 'pylib', 'redhat', 'src', 'test', 'tools']"
fiefdx/gosnow,"['.gitignore', 'README.md', 'example', 'gosnow.go', 'gosnow_test.go']"
visa-innovation-sf/dxb-dataprovider-service,"['.gitignore', 'README.md', 'TODO', 'common', 'config', 'data-provider.js', 'data', 'index.js', 'package.json']"
maestrolsj/windpickerTemplet,"['AndroidFirstView.js', 'CustomTabbar.js', 'DirectionImage.js', 'FavoriteList.js', 'GlidingLocalList.js', 'GlidingMenu.js', 'GlidingParser.js', 'GlidingWeatherList.js', 'MenuList.js', 'MyToolbar.js', 'README.md', 'RealmHndler.js', 'ShopPage.js', 'SurfLocalList.js', 'SurfMenu.js', 'SurfParser.js', 'SurfWeatherList.js', 'WeatherImage.js', 'WindSpeedChartModal.js', 'android', 'image', 'index.android.js', 'index.ios.js', 'ios', 'jsData', 'package.json', 'pickerStyle.js']"
bethwelbruce/trial002,['README.md']
erinlaura/temperature,['README.md']
julsebeng/dotfiles,"['bashrc', 'i3-conf', 'myalias', 'remap_f_keys.sh', 'tmux.conf', 'vimrc']"
oliviapycz/Blog,"['billets', 'css', 'fonts', 'images', 'index.php', 'kaushan-script', 'less', 'scss']"
KhodakE/MyFirstRep,"['.vs', 'MyFirstRep.sln', 'MyFirstRep']"
GyrosOfWar/iron-diesel-middleware,"['.gitignore', '.travis.yml', 'Cargo.toml', 'LICENSE.txt', 'README.md', 'examples', 'src']"
mrinalam/u14all,"['.gitignore', 'Dockerfile', 'LICENSE', 'README.md', 'build.sh', 'install.sh', 'my.cnf', 'neo4j-server.properties', 'pg_hba.cnf', 'services', 'test', 'version']"
lanusiv/Swift,"['.gitignore', 'AVFoundationQRcode', 'Airdrop', 'AlertController', 'AnimationWithCollisionQuartzCore', 'Animations-Gestures', 'BasicAgenda', 'Calendar', 'ChatPeerToPeer', 'CheckConnectivity', 'Classes-Structures.playground', 'CollectionView', 'CoreAnimationSample1', 'CoreAnimationSample2', 'CoreAnimationSample3', 'CoreAnimationSample4', 'CoreDataSample1', 'CoreDataSample2', 'CoreDataWithTableView', 'CoreImage sample', 'CoreImageCIDetector', 'CoreLocation', 'CustomKeyboard', 'DelegateWithNavigator', 'EventKitUI', 'GestureDoubleTap', 'GestureLongPress', 'GesturePinch', 'GestureRotate', 'GestureSwipe', 'Gestures', 'GesturesInterfaceBuilder', 'HideKeyboard', 'JSONParse', 'LICENSE.md', 'MapKit iPad', 'MasterDetailiPad', 'MediaPlayerFrameworkVideoSample', 'MultiTask', 'NSBlockOperation', 'NSFileManager', 'NSNotification', 'NSURLSession', 'NSURLSessionDownloadDelegate', 'NSUserDefaults', 'NavigationController', 'PagedBasedApp', 'Protocol-Delegate', 'README.md', 'SQLite', 'Sample.playground', 'SegueWithpresentViewController', 'SeguesCustom', 'Show Local IP', 'SocialFramework', 'SocialFrameworkTwitter', 'SpriteKit Game', 'SwiftLoginScreen', 'TabBarController', 'TableView', 'TableViewWithPropertyList', 'UIImagePickerControllerCamera', 'UIImagePickerControllerCameraEditImage', 'UILocalNotification', 'XIBwithStoryboard', 'XML', 'XMLAppStore', 'iCloud']"
ur15975/AndroidBasic,"['.idea', 'app']"
MakerSpaceSDG/MakerSpace,"['README.md', '_config.yml']"
rajeshwaranmsc/spring-restdocs,"['.gitignore', '.travis.yml', 'CODE_OF_CONDUCT.md', 'CONTRIBUTING.md', 'README.md', 'build.gradle', 'buildSrc', 'config', 'docs', 'gradle.properties', 'gradle', 'gradlew', 'gradlew.bat', 'samples', 'settings.gradle', 'spring-restdocs-core', 'spring-restdocs-mockmvc', 'spring-restdocs-restassured']"
whitneylarose/JHotDraw5.3,"['.classpath', '.idea', '.project', 'CH', 'JHotDraw5.3.iml', 'JavaDrawApp.launch', 'bin', 'compile.bat', 'src']"
edmund-k/health-watchface,"['.gitignore', 'LICENSE', 'README.md', 'package.json', 'resources', 'screenshots', 'src', 'wscript']"
esnet/security,"['PUBLIC_REPO', 'README.md', 'cve-2016-4303']"
cfhh888/gum,"['README.md', 'annis', 'const', 'coref', 'dep', 'paula', 'rst', 'xls', 'xml']"
ssvaidyanathan/ApigeeBundleReaper,"['LICENSE', 'README.md']"
ccwindx/free-programming-books,"['.editorconfig', '.travis.yml', 'CODE_OF_CONDUCT.md', 'CONTRIBUTING.md', 'LICENSE', 'README.md', 'free-courses-en.md', 'free-podcasts-screencasts-cs.md', 'free-podcasts-screencasts-en.md', 'free-podcasts-screencasts-ru.md', 'free-programming-books-az.md', 'free-programming-books-bg.md', 'free-programming-books-cs.md', 'free-programming-books-de.md', 'free-programming-books-es.md', 'free-programming-books-fa_IR.md', 'free-programming-books-fr.md', 'free-programming-books-gr.md', 'free-programming-books-hu.md', 'free-programming-books-id.md', 'free-programming-books-it.md', 'free-programming-books-ja.md', 'free-programming-books-ko.md', 'free-programming-books-pl.md', 'free-programming-books-pt_BR.md', 'free-programming-books-pt_PT.md', 'free-programming-books-ro.md', 'free-programming-books-ru.md', 'free-programming-books-se.md', 'free-programming-books-sk.md', 'free-programming-books-tr.md', 'free-programming-books-ua.md', 'free-programming-books-zh.md', 'free-programming-books.md', 'free-programming-interactive-tutorials-en.md', 'free-programming-interactive-tutorials-pt_BR.md', 'javascript-frameworks-resources-pt_BR.md', 'javascript-frameworks-resources.md', 'problem-sets-competitive-programming.md']"
Starefossen/distributions,"['LICENSE.md', 'OLDER_DISTROS.md', 'README.md', 'deb', 'rpm', 'test']"
vilmibm/django-marimo,"['.gitignore', 'LICENSE', '__init__.py', 'docs', 'marimo', 'mtest', 'setup.py', 'tox.ini']"
trentaw/RostockMAXv2,"['.gitattributes', '.gitignore', 'ASSEMBLY_MANUAL', 'CAD_FILES', 'PACKING_BOM PDFs', 'README.md']"
MikeSchirado/btsync.docker,"['.dockerignore', '.gitignore', 'CHANGELOG.md', 'Dockerfile', 'Makefile', 'README.md', 'apks', 'bin', 'package.json', 's6', 'test']"
piyush09/Machine-Learning-Tutorials,"['LICENSE', 'README.md', 'contributing.md']"
LolalyLuo/hello-world,['README.md']
fMercury/admin-website,"['.gitignore', '.gitmodules', 'README.md', 'back', 'front', 'start-admin.sh', 'stop-admin.sh']"
strongSquirell/py_ml_utils,"['.gitignore', '.gitmodules', 'ExeEstimator.py', 'FTRLClassifier.py', 'FeatSel.py', 'FeatSel_tests.py', 'FileEnsembler.py', 'GreedyFileEnsembler.py', 'GreedyFileEnsembler2.py', 'GreedyFileEnsembler3.py', 'GreedyFileEnsembler4.py', 'GreedyFileEnsembler_tests.py', 'KLabelFolds.py', 'LibFFMClassifier.py', 'LibFMClassifier.py', 'MinYValueClassifier.py', 'OptimisingFileEnsembler.py', 'OptimisingFileEnsembler2.py', 'OverridePredictFunctionClassifier.py', 'SplitClassifier.py', 'SplitClassifier_tests.py', 'SvmLightClassifier.py', 'TransformYClassifier.py', 'TrimOnYClassifier.py', 'VotingEnsemble.py', 'VowpalWabbit.py', '__init__.py', 'auto', 'graphs.py', 'lib', 'misc.py', 'misc_tests.py', 'nn', 'pandas_extensions', 'spark']"
eagletmt/envchain,"['.gitignore', 'LICENSE', 'Makefile', 'README.md', 'brew', 'envchain.c']"
Gr3yR0n1n/tap,"['CHANGELOG', 'LICENSE', 'README.md', 'scripts', 'setup.py', 'src', 'tap.py', 'update.py']"
pmusolino-rms/azure,"['README.md', 'standalone-nat', 'vmseries-nat-webdb', 'vmseries-simple-template']"
coadyk/ddn-api,"['README', 'collect_ddn_temperature', 'graph_ddn_temperature', 'query_max_temp.sh', 'query_max_temp.sql', 'sfa_check']"
philipinashoppingcart/philipinashoppingcart.github.io,"['CNAME', 'README.md', 'ezgif.com-video-to-gif.gif', 'index.html']"
andrewmmarquis/adding-responsive-features-v-000,"['.gitignore', '.learn', 'README.md', 'contact.html', 'css', 'images', 'index.html', 'market-report.html', 'new-properties.html', 'real-estate-listings.html', 'videos']"
cs-rodrigo-morais/cs-devops-training,"['.gitignore', '.travis.yml', 'README.md', 'book.json', 'deploy.sh', 'docs', 'package.json']"
nakiostudio/EasyPeasy-Web,"['.gitignore', 'Gemfile', 'Gemfile.lock', 'LICENSE', 'README.md', 'config.rb', 'config.ru', 'easypeasy.rb', 'public', 'views']"
coltonstaab1/angular-modules-lab-v-000,"['.learn', 'CONTRIBUTING.md', 'LICENSE.md', 'README.md', 'index.html', 'js']"
jtsmn/turfjs_bug_demo,"['README.md', 'android', 'index.android.js', 'index.ios.js', 'ios', 'package.json']"
NilsBroman/start01,['README.md']
Garee/skyscannerjs,"['.eslintrc', '.gitignore', '.npmignore', '.travis.yml', 'LICENSE', 'README.md', 'package.json', 'src', 'test']"
wgapl/ORB_SLAM,"['CMakeLists.txt', 'Changelog.md', 'Data', 'Dependencies.md', 'ExampleFuerte.launch', 'ExampleGroovyOrNewer.launch', 'LICENSE.txt', 'License-gpl.txt', 'README.md', 'README.txt', 'Thirdparty', 'cmake_modules', 'include', 'manifest.xml', 'src']"
plopes20587/Directory-app,"['app', 'content', 'data', 'header.html', 'index.html', 'views']"
cotyznik/datasciencecoursera,"['HelloWorld', 'HelloWorld.md', 'README.md']"
phpdev87/laravel2,"['.gitattributes', '.gitignore', 'Merlin.jpg', 'admin', 'functions', 'laravel2.php', 'laravel3.php', 'laravel4.php', 'laravel6.php', 'laravel7.php', 'laravel8.php', 'laravel9.php', 'merlin3.jpg', 'metro.jpg', 'papka', 't1.jpg', 't2.jpg', 't3.jpg']"
dgliwa/docs.erisindustries.com,"['.github', '.gitignore', '.htaccess', '.ruby-gemset', '.ruby-version', 'Gemfile', 'LICENSE', 'README.md', 'Rakefile', '_config_this.yml', 'build.sh', 'circle.yml', 'documentation', 'explainers', 'images', 'index.md', 'keybase.txt', 'tests', 'tutorials']"
nmoehrle/libcacc,"['LICENSE.txt', 'README.md', 'array.h', 'array_texture.h', 'buffer_texture.h', 'bvh_tree.cu', 'bvh_tree.h', 'defines.h', 'float.h', 'graphics_resource.h', 'image.h', 'kd_tree.cu', 'kd_tree.h', 'math.h', 'matrix.h', 'mesh.h', 'nnsearch.h', 'point_cloud.h', 'primitives.h', 'rays.h', 'reduction.h', 'tracing.h', 'util.h', 'variable.h', 'vector.h', 'vector_array.h']"
glennfu/toastr-rails-sass,"['.gitmodules', '.ruby-gemset', 'GPL-LICENSE.txt', 'Gemfile', 'Gemfile.lock', 'MIT-LICENSE.txt', 'README.md', 'Rakefile', 'VERSION', 'lib', 'pkg', 'toastr', 'toastr-rails-sass.gemspec', 'vendor']"
bradparks/tips,"['.doxie.render.js', '.doxie.render.toc.js', '.gitignore', 'LICENSE', 'README.md', 'contributing.md', 'package.json', 'tips.json']"
Sammilin/GolangTraining,"['.gitignore', '01_getting-started', '02_package', '03_variables', '04_scope', '05_blank-identifier', '06_constants', '07_memory-address', '08_pointers', '09_remainder', '10_for-loop', '11_switch-statements', '12_if_else-if_else', '13_exercise-solutions', '14_functions', '15_bool-expressions', '16_exercise-solutions', '17_array', '18_slice', '19_map', '20_struct', '21_interfaces', '22_go-routines', '23_error-handling', '24_testing', '25_code-walk', '26_QUESTIONS-FROM-STUDENTS', '27_code-in-process', 'LICENSE.txt', 'README.md']"
phattranky/hapi-auth-firebase,"['.babelrc', '.gitignore', 'README.md', 'lib', 'package.json', 'src']"
GogenkoSergei/Black_Jack,"['.gitattributes', '.gitignore', 'Black_Jack.sln', 'Black_Jack']"
Prepros/Prepros.github.io,"['.editorconfig', '.gitattributes', '.gitignore', 'Contributing.md', 'README.md', 'catalog.html', 'css', 'img', 'index.html', 'js']"
TsuchiyaKoichi/learnjs,"['.gitignore', 'README.md', 'conf', 'public', 'services', 'sspa', 'support']"
tomfisher/librosa,"['.coveragerc', '.gitattributes', '.gitignore', '.travis.yml', '.travis_dependencies.sh', 'AUTHORS.md', 'CODE_OF_CONDUCT.md', 'CONTRIBUTING.md', 'ISSUE_TEMPLATE.md', 'LICENSE.md', 'PULL_REQUEST_TEMPLATE.md', 'README.md', 'docs', 'examples', 'librosa', 'setup.cfg', 'setup.py', 'tests']"
andygoo/html5slider,"['README.md', 'html5slider.js', 'index.html']"
Jokeway/OrgChart,"['.gitignore', 'LICENSE', 'README.md', 'bower.json', 'dist', 'package.json']"
jeremy27041980/Dolphin,"['.gitignore', 'README.md']"
slexx1234/config,"['.gitignore', 'LICENSE', 'composer.json', 'phpunit.xml', 'readme.md', 'src', 'tests']"
0xMHND/attendance,"['Makefile', 'attendance.enc', 'home.enc', 'lib', 'randomWeekG', 'v1', 'v2']"
taurus7517/i2cdevlib,"['.gitignore', 'Arduino', 'EFM32', 'Jennic', 'MSP430', 'PIC18', 'README', 'RaspberryPi_bcm2835', 'dsPIC30F', 'nRF51']"
radoslav-takev/Java-Fundamentals,['README.md']
ioscoderlijie/segmentAndList,"['.DS_Store', '.gitignore', 'README.md', 'segmentAndList.gif', 'segmentAndList.mov', 'segmentAndListDemo.xcodeproj', 'segmentAndListDemo']"
WaleedMonawer/UploadToGithubTest,['app']
BrightStar123/Hadi,"['.gitignore', 'README.md', 'index.html']"
ToxicPie/hello-world,"['README.md', 'helloworld.cpp']"
andrup/CarND-Traffic-Sign-Classifier-Project,"['.gitignore', 'CODEOWNERS', 'README.md', 'Traffic_Sign_Classifier.html', 'Traffic_Sign_Classifier.ipynb', 'Traffic_Sign_Classifier_draft.ipynb', 'examples', 'model.jpg', 'own-trafficsigns', 'results.xlsx', 'signnames.csv', 'visualize_cnn.png', 'writeup_template.md']"
GL-GIT-HUB/ExplosionField,"['.gitignore', 'README.md', 'app', 'build.gradle', 'explosionfield.gif', 'explosionfield', 'gradle.properties', 'gradle', 'gradlew', 'gradlew.bat', 'settings.gradle']"
deki0r/MISP,"['.coveragerc', '.gitchangelog.rc', '.github', '.gitignore', '.gitmodules', '.travis.yml', 'AUTHORS', 'CONTRIBUTING.md', 'INSTALL', 'LICENSE', 'PyMISP', 'README.md', 'VERSION.json', 'app', 'build', 'code_of_conduct.md', 'format', 'tests', 'tools', 'travis']"
osmanarif/-explorative,['README.md']
erdincay/RSSReader,"['.gitattributes', '.gitignore', 'README.md', 'RSSReader.sln', 'RSSReader']"
hallos/homebridge-cmdtrigger,"['.gitignore', 'README.md', 'index.js', 'package.json']"
FreyMo/Common,"['.gitattributes', '.gitignore', 'Commands', 'Common.sln', 'Common.sln.DotSettings', 'Common', 'Messenger', 'README.md']"
lascuolaopensource/x-web,"['.gitignore', 'dataviz', 'readme.md', 'scripts_data_cleaning']"
lonsharn/glog,"['LICENSE', 'README', 'glog.go', 'glog_file.go', 'glog_test.go']"
jkatsiou/datasharing,['README.md']
Ernestchang/eBooks,"['README.md', 'android', 'javascript', 'mongodb', 'mysql', 'nodejs', 'server', 'web']"
massimiliano76/TorChat,"['.gitattributes', '.gitignore', 'Makefile', 'README.markdown', 'README_DEBIAN.markdown', 'bin', 'src']"
goldcat/matplotlib,"['.appveyor.yml', '.circleci', '.coveragerc', '.gitattributes', '.github', '.gitignore', '.mailmap', '.travis.yml', 'CONTRIBUTING.md', 'INSTALL.rst', 'LICENSE', 'MANIFEST.in', 'Makefile', 'README.rst', 'build_alllocal.cmd', 'ci', 'distribute_setup.py', 'doc-requirements.txt', 'doc', 'examples', 'extern', 'lib', 'matplotlibrc.template', 'pytest.ini', 'release', 'setup.cfg.template', 'setup.py', 'setup_external_compile.py', 'setup_tests_only.py', 'setupext.py', 'src', 'tests.py', 'tools', 'tox.ini', 'tutorials', 'unit', 'versioneer.py']"
k1m0n3/scripts,"['Invoke-GPOLinks.ps1', 'Invoke-SMBAutoBrute.ps1', 'README.md', 'crEAP.py', 'mem_scraper.ps1', 'mkDirbList_Clone.py', 'powershell-persistence.ps1', 'proxyCannon.py', 'spin-up']"
DonLorenzoPL/FirstStep,['README.md']
mullerhai/spiderWechat,['pywechat.py']
deepikaonmission/BigData_Session16_Assignment1,"['Assignment1.sc', 'README.md']"
shriganeshchoudhari/online-shopping,"['.gitignore', 'README.md', 'onlineshopping', 'shoppingbackend']"
jibidus/intellij-settings,"['DontShowAgainFeedbackService.xml', 'GrepConsole.xml', 'IntelliLang.xml', 'KeyPromoterXSettings.xml', 'KotlinRejectersInfoService.xml', 'ProjectCreationInfoService.xml', 'README.md', 'VisualVMLauncher.xml', '_mac', 'asciidoc.xml', 'baseRefactoring.xml', 'bitbucket-cloud-registry.xml', 'bitbucket-server-registry.xml', 'checkstyle-idea.xml', 'code.style.schemes.xml', 'codestyles', 'colors.scheme.xml', 'colors', 'databaseDrivers.xml', 'dbnavigator.xml', 'debugger.renderers.xml', 'debugger.xml', 'diff.xml', 'eclipseCodeFormatter.xml', 'editor-font.xml', 'editor.codeinsight.xml', 'editor.xml', 'equalsHashCodeTemplates.xml', 'file.template.settings.xml', 'fileTemplates', 'filetypes.xml', 'find.xml', 'gradle.run.settings.xml', 'grazie_global.xml', 'ide-features-trainer.xml', 'ide.general.xml', 'ignore.xml', 'ignored-suggested-plugins.xml', 'inspection', 'java.decompiler.xml', 'javaeeExternalResources.xml', 'keymaps', 'laf.xml', 'lombok-plugin.xml', 'lombok.xml', 'markdown.xml', 'mavenVersion.xml', 'parameter.hints.xml', 'plugin_ui.xml', 'project.default.xml', 'projectView.xml', 'rainbow-csv.xml', 'remote-servers.xml', 'scala.xml', 'settingsSyncPlugins.xml', 'shared-indexes.xml', 'stringManipulation.xml', 'templates.xml', 'templates', 'toStringTemplates.xml', 'ui.lnf.xml', 'usageView.xml', 'vcs.xml', 'visualizationTool.xml']"
ioscoderlijie/ZFDropDown,"['.gitignore', 'LICENSE', 'README.md', 'ZFDropDownDemo', '_config.yml']"
victorvirtual/sedede,"['LICENSE', 'README.md', 'index.html']"
billyjinshi/koolshare.github.io,"['.gitignore', 'README.md', '_config.yml', 'donate', 'index.html']"
MarceloBarrera/redux-demo,"['.babelrc', '.editorconfig', '.eslintrc', '.gitignore', 'package.json', 'src', 'tools', 'webpack.config.dev.js']"
kobiburnley/react-native-performance-tester,"['.babelrc', '.buckconfig', '.flowconfig', '.gitattributes', '.gitignore', '.watchmanconfig', 'README.md', '__tests__', 'android', 'app.json', 'index.android.js', 'ios', 'package.json', 'src', 'yarn.lock']"
leereleere/css_themes,"['China_Store.css', 'README.md', 'img']"
fan2/muduo,"['.clang-tidy', '.github', '.gitignore', '.travis.yml', 'CMakeLists.txt', 'ChangeLog', 'ChangeLog2', 'License', 'README', 'build.sh', 'contrib', 'examples', 'muduo', 'patches', 'premake4.lua']"
gauravs84/Create-react-app,['MyApp']
Rahul9718/hackthon_woman_education,"['044dc9ac68b34bb7834e143c56622a37.webp', '1304545837-private-school-holds-rally-to-promote-education-for-women-hyderabad_680520.jpg', '1430567-afpx-1496920292.jpg', '23d3c53442b34f44a3af2d04135692f6.webp', '5843fd441210455f98fc114b1c11a68c.webp', '7433061-3d-telephone-Stock-Photo-phone-icon.jpg', 'Beti-Bachao-Beti-Padhao-Abhiyaan.jpg', 'Beti-Bachao-Beti-Padhao.jpg', 'Mail02-RoundedWhite-512.png', 'Telephone.png', 'Womens Education Project Logo.gif', 'camp_1495382409.webp', 'fba419_40b11a88b8e2461f97b81fd39ae69a8d-mv2.png', 'fba419_f170262f18e04d4caef007d8d4c3d651-mv2.png', 'final.jpg', 'girls-ed_opt.jpg', 'guradians-of-school-students-take-part-in-a-protest-rally-against-the-rape-of-a-6-year-old-school-girl-in-bengaluru-14059272443483.jpg', 'http-%2F%2Fo.aolcdn.com%2Fhss%2Fstorage%2Fmidas%2F6204fad404a07be7950c8276edf686e9%2F204216454%2FRTX2LMHA.jpeg', 'index.html', 'index.js', 'main-banner.jpg', 'map.png', 'nepal+womens+education+thisworldexists+volunteer.jpg', 'phone.png', 'women2.jpg']"
Hanogrami/Hanogram,"['.gitignore', 'LICENSE', 'README', 'README.md', 'TMessagesProj', 'Tools', 'build.gradle', 'gradle', 'gradlew', 'settings.gradle']"
edujtm/Comp-Programming,"['README.md', 'cpp', 'kotlin']"
radoslav-takev/Web-Fundamentals,['README.md']
wack17s/store-fe,"['.eslintrc', '.gitignore', '.gitlab-ci.yml', 'config', 'package.json', 'public', 'scripts', 'src', 'yarn.lock']"
teebl/blog,"['.gitignore', '404.md', 'CNAME', 'LICENSE', 'README.md', '_config.yml', '_includes', '_layouts', '_posts', '_sass', 'about.md', 'images', 'index.html', 'style.scss']"
fan2/mars,"['.code.yaml', '.gitignore', 'CONTRIBUTING.md', 'Copyright Notice of Boost', 'LICENSE', 'README.md', 'codecc.sh', 'mars', 'memo', 'refs.md', 'samples']"
awilliams000/liquidprompt,"['.mailmap', 'CHANGES', 'CONTRIBUTING.md', 'LICENSE', 'README.md', 'demo.png', 'dist', 'example.bashrc', 'liquid.ps1', 'liquid.theme', 'liquidprompt', 'liquidprompt.plugin.zsh', 'liquidpromptrc-dist', 'test.sh']"
mWater/development-guide,['README.md']
feihugis/Leaflet.timeline,"['.gitignore', '.npmignore', 'LICENSE', 'README.md', 'bower.json', 'dist', 'examples', 'gulpfile.js', 'package.json', 'src']"
tommytwoeyes/github-for-developers-7,"['README.md', 'instructions']"
CMRWebDev/meal_calculator,['package.json']
denismars/ios-good-practices,"['LICENSE', 'README.md']"
panshimin/awesome-ios,"['.gitignore', 'CONTRIBUTING.md', 'README.md', 'awesome_logo.png']"
hanzhong-yan/vimrc,"['.gitignore', 'README.md', 'autoload', 'install_awesome_vimrc.sh', 'install_basic_vimrc.sh', 'sources_forked', 'sources_non_forked', 'temp_dirs', 'update_plugins.py', 'vimrcs']"
Serviox19/Bootstrap-Js-Lab,"['css', 'home.html', 'js']"
drewwells/lat,"['README.md', 'fanmetrics.go', 'main.go', 'metrics.go', 'reporter.go']"
chenxihuanyu/app,"['README.md', 'text']"
niik/thisisanewrepo,"['.gitattributes', '.gitignore', 'README.md']"
matugol/Advanced-Graphing-Calculator,"['.gitignore', 'LICENSE', 'README.md', 'src']"
ibaena/lab5.1,['README.md']
DQPHP/scws,"['.gitignore', 'API.md', 'AUTHORS', 'COPYING', 'ChangeLog', 'Makefile.am', 'NEWS', 'README.md', 'acprep', 'cli', 'configure.ac', 'dev', 'etc', 'libscws', 'phpext', 'web', 'win32']"
pguillod/react-starter-kit,"['.babelrc', '.csscomb.json', '.csslintrc', '.editorconfig', '.eslintrc', '.flowconfig', '.gitattributes', '.gitignore', '.jscsrc', '.travis.yml', 'CHANGELOG.md', 'LICENSE.txt', 'README.md', 'docs', 'package.json', 'preprocessor.js', 'src', 'tools']"
rmoorman/flask-security,"['.gitignore', '.gitmodules', '.travis.yml', 'AUTHORS', 'CHANGES', 'LICENSE', 'MANIFEST.in', 'README.rst', 'artwork', 'docs', 'flask_security', 'requirements-dev.txt', 'requirements.txt', 'scripts', 'setup.cfg', 'setup.py', 'tests', 'tox.ini']"
stephanholly/simple-loops-001-prework-web,"['.learn', '.rspec', 'LICENSE.md', 'README.md', 'simple_looping.rb', 'spec']"
empireofryan/ruby-object-attributes-lab-q-000,"['.gitignore', '.learn', '.rspec', 'Gemfile', 'Gemfile.lock', 'README.md', 'lib', 'spec']"
alvarocesped/09Tarea,"['LICENSE', 'Numericos9.pdf', 'README.md', 'Tarea9.py', 'Tarea9p2.py', 'Tarea9p3.py', 'data', 'eqs', 'p1.png', 'p2.png', 'p3.png']"
Ronmi/phpbrew,"['.gitattributes', '.gitignore', '.hhconfig', '.travis.yml', 'CHANGES.md', 'CONTRIBUTORS.md', 'Doxyfile', 'HACKING.md', 'LICENSE', 'Makefile', 'README.ja.md', 'README.md', 'assets', 'bin', 'build.xml', 'completion', 'composer.json', 'composer.lock', 'flavors', 'package.ini', 'package.xml', 'phpbrew', 'phpdox.xml', 'phpmd.xml', 'phprelease.ini', 'phpunit.xml.dist', 'screenshots', 'scripts', 'sh', 'shell', 'src', 'tests', 'todo.md']"
dingweiwei1021/web,"['LICENSE', 'README.md']"
aramonc/sandbox,"['.gitignore', 'LICENSE', 'Vagrantfile', 'ansible']"
diegocaetanop/free-programming-books,"['.editorconfig', '.travis.yml', 'CODE_OF_CONDUCT.md', 'CONTRIBUTING.md', 'LICENSE', 'README.md', 'free-courses-en.md', 'free-podcasts-screencasts-cs.md', 'free-podcasts-screencasts-en.md', 'free-podcasts-screencasts-ru.md', 'free-programming-books-az.md', 'free-programming-books-bg.md', 'free-programming-books-cs.md', 'free-programming-books-de.md', 'free-programming-books-es.md', 'free-programming-books-fa_IR.md', 'free-programming-books-fr.md', 'free-programming-books-gr.md', 'free-programming-books-hu.md', 'free-programming-books-id.md', 'free-programming-books-it.md', 'free-programming-books-ja.md', 'free-programming-books-ko.md', 'free-programming-books-pl.md', 'free-programming-books-pt_BR.md', 'free-programming-books-pt_PT.md', 'free-programming-books-ro.md', 'free-programming-books-ru.md', 'free-programming-books-se.md', 'free-programming-books-sk.md', 'free-programming-books-tr.md', 'free-programming-books-ua.md', 'free-programming-books-zh.md', 'free-programming-books.md', 'free-programming-interactive-tutorials-en.md', 'free-programming-interactive-tutorials-pt_BR.md', 'javascript-frameworks-resources-pt_BR.md', 'javascript-frameworks-resources.md', 'problem-sets-competitive-programming.md']"
TESScience/Simulation_Based_Analysis,"['Cuda', 'LICENSE', 'README.md', 'Random']"
chyxion/mongo-c-driver,"['.astylerc', '.gitignore', 'APACHE-2.0.txt', 'CONTRIBUTING.md', 'HISTORY.md', 'Makefile', 'README.md', 'RELEASE.md', 'SConstruct', 'check_int64.sh', 'docs', 'doxygenConfig', 'runtests.sh', 'src', 'test']"
igiu1988/the-swift-programming-language-in-chinese,"['.gitignore', 'CNAME', 'README.md', 'Using Swift with Cocoa and ObjectiveC-tw', 'Using Swift with Cocoa and ObjectiveC', 'change_cdn.py', 'config.json', 'contributing.md', 'cover', 'googleb0a4f5a22e9cb82f.html', 'index.html', 'source-tw', 'source']"
jnickborys/ENSC488_Project,"['.gitattributes', '.gitignore', '.vs', 'ConsoleApplication1', 'ENSC488_Project.sdf', 'ENSC488_Project.sln', 'ENSC488_Project.v12.suo', 'Floor Plan.cpp', 'README.md']"
doramart/DoraLayer,"['LICENSE', 'README.md', 'css', 'index.html', 'js']"
aswini1405/HelloArduinoBLE,"['.gradle', '.idea', 'HelloArduinoBLE.iml', 'LICENSE', 'README.md', 'app', 'build.gradle', 'build', 'gradle.properties', 'gradle', 'gradlew', 'gradlew.bat', 'local.properties', 'settings.gradle']"
denghongbin/DesignPattern,['LICENSE']
Zarjagen/FoodMiner,"['README.md', 'foodminer.db', 'node_modules', 'presentation', 'server.js', 'web']"
BlancRay/ICDM,"['.classpath', '.github', '.project', 'LICENSE', 'README.md', 'paper', 'pom.xml', 'scriptfile', 'src']"
olehz/hyperleveldb-go,"['.gitignore', 'LICENSE', 'README.md', 'batch.go', 'cache.go', 'comparator.go', 'conv.go', 'db.go', 'doc.go', 'env.go', 'examples', 'filterpolicy.go', 'iterator.go', 'options.go', 'rocksdb_test.go']"
niasand/android-training-course-in-chinese,"['.gitignore', 'GLOSSARY.md', 'LICENSE', 'README.md', 'SUMMARY.md', 'android_training.jpg', 'animations', 'background-jobs', 'basics', 'best-background.md', 'best-performance.md', 'best-security.md', 'best-testing.md', 'best-ui.md', 'best-user-input.md', 'best-ux.md', 'book.json', 'building-connectivity.md', 'building-content-sharing.md', 'building-graphics.md', 'building-multimedia.md', 'building-tv.md', 'building-userinfo.md', 'building-wearables.md', 'config.json', 'connectivity', 'contacts-provider', 'content-sharing', 'cover.jpg', 'cover', 'cover_small.jpg', 'enterprise', 'gitbook', 'graphics', 'images', 'input', 'location', 'manifest.appcache', 'material', 'multimedia', 'node_modules', 'package.json', 'performance', 'search_index.json', 'security', 'testing', 'tv', 'ui', 'ux', 'wearables']"
LuisGea/WGANZ,"['HWProblems', 'JuliaScripts', 'JupyterNoteBooks', 'Slides', 'index.ipynb']"
d4l3k/go-electrum,"['.gitignore', 'LICENSE', 'README.md', 'electrum', 'example', 'irc', 'media', 'wallet']"
alex-B-Ly/nov24lab,"['.gitignore', 'css', 'index.html', 'js']"
AlexanderAllenAttic/zillow,['README.md']
lymons/MMParallaxPresenter,"['Classes', 'LICENSE', 'MMParallaxPresenter.podspec', 'MMParallaxPresenterExample', 'README.md', 'mmParallaxPresenter.gif']"
Mcmartelle/dojo_mojo,"['.DS_Store', '.htaccess', '.htaccess 2', '.htaccess 3', 'application', 'assets', 'composer.json', 'composer.lock', 'htaccess.zip', 'index.php', 'license.txt', 'models', 'sql', 'system', 'user_guide', 'vendor']"
khansaamia/csm10j-Lab13,"['Program.java', 'README.md']"
SerenoShen/mybatis-3,"['.gitattributes', '.gitignore', '.travis.yml', 'CONTRIBUTING.md', 'ICLA', 'LICENSE', 'NOTICE', 'README.md', 'license.txt', 'pom.xml', 'src', 'travis']"
won21kr/wp-calypso,"['.dockerignore', '.editorconfig', '.esformatter', '.eslintignore', '.eslintrc', '.gitignore', '.jsfmtrc', '.npmrc', '.rtlcssrc', 'CONTRIBUTING.md', 'CREDITS.md', 'Dockerfile', 'LICENSE.md', 'Makefile', 'README.md', 'Vagrantfile', 'Vagrantfile-boot2docker', 'assets', 'bin', 'client', 'config', 'docs', 'index.js', 'jsconfig.json', 'package.json', 'public', 'server', 'shared', 'webpack.config.js', 'webpack.config.node.js']"
fbernardo/SwiftCSV,"['.gitignore', 'LICENSE', 'README.md', 'SwiftCSV.podspec', 'SwiftCSV.xcodeproj', 'SwiftCSV', 'SwiftCSVTests']"
alexsicart/angular-meteor,"['.bithoundrc', '.github', '.gitignore', '.npmignore', '.travis.yml', 'CHANGELOG.md', 'CONTRIBUTION.md', 'LICENSE', 'README.md', 'atmosphere-packages', 'examples', 'modules', 'package.json', 'rollup.config.js', 'run_tests.sh', 'tests', 'tsconfig.json', 'tslint.json', 'yarn.lock']"
wooparay/dbounce_server_nodejs,"['.gitignore', 'LICENSE', 'README.md', 'docs']"
errnox/bottle-demo,"['test.py', 'views']"
tizianofiorenzani/GameNet,"['.gitignore', 'Docker', 'LICENSE', 'aws_install.sh', 'docker_flash.sh', 'docker_pong.sh', 'duel_dqn_cartpole.py', 'install_docker.sh', 'install_x2go.sh', 'q_learner', 'run_flash.sh', 'run_pong.sh', 'screen', 'start-docker.sh', 'test.py', 'universe-starter-agent']"
alfredo-dslv/myTODOs,"['LICENSE', 'README']"
amandahagel/amandahagel.github.io,"['FancyPlate.jpg', 'README.md', 'index.css', 'index.html', 'oly.css', 'oly.html', 'os.jpg', 'pastabig.jpg']"
dreyeslastiri/test,['README.md']
phrourarchoi/phrourarchoi.github.io,"['.gitmodules', 'BAM', 'LICENSE', 'README.md', 'iah']"
tkraak/sugarml,"['.editorconfig', '.gitignore', '.npmignore', '.travis.yml', 'LICENSE.md', 'README.md', 'benchmark', 'contributing.md', 'lib', 'package.json', 'test', 'yarn.lock']"
abimbolaof/bootstrap-datepicker,"['.editorconfig', '.github', '.gitignore', '.travis.yml', 'CHANGELOG.md', 'CODE_OF_CONDUCT.md', 'CONTRIBUTING.md', 'Gruntfile.js', 'LICENSE', 'README.md', 'bower.json', 'build', 'composer.json', 'dist', 'docs', 'grunt', 'js', 'less', 'package.json', 'tests', 'yarn.lock']"
mfestger/FestgAM,['src']
jroberts1022/jroberts1022.github,"['Plants.html', 'README.md', 'img', 'index.css', 'nwpL.html', 'nwpMatt.html', 'nwpm.css']"
beemoat/ProgrammingAssignment2,"['README.md', 'cachematrix.R']"
arashpayan/skreens-typescript-demo,"['.vscode', 'app.js', 'app.ts', 'index.html', 'iss.js', 'iss.ts', 'tsconfig.json']"
ArchiversAnonymous/pyweasyl,"['LICENSE', 'README.md', 'dist', 'docs', 'setup.py', 'tests.py', 'weasyl.py']"
jareds/grails-taskd,"['.dockerignore', '.gitignore', 'Dockerfile', 'LICENSE', 'README.md', 'build.gradle', 'devTaskdDocker', 'gradle.properties', 'gradle', 'gradlew', 'gradlew.bat', 'grails-app', 'grails-wrapper.jar', 'grailsw', 'grailsw.bat', 'settings.gradle', 'src']"
CapsLock-Studio/shipping-tracker,"['.babelrc', '.buckconfig', '.eslintrc', '.flowconfig', '.gitattributes', '.gitignore', '.watchmanconfig', 'App', 'README.md', '__tests__', 'android', 'app.json', 'assets', 'index.android.js', 'index.ios.js', 'ios', 'package.json', 'yarn.lock']"
antlai/bodysnatcher,"['.gitignore', 'LICENSE-2.0.txt', 'README.md', 'bodysnatcher', 'setup.py', 'utils']"
danpaulgo/rails-generators-readme-v-000,"['.DS_Store', '.gitignore', '.learn', '.rspec', 'CONTRIBUTING.md', 'Gemfile', 'Gemfile.lock', 'LICENSE.md', 'README.md', 'Rakefile', 'app', 'bin', 'config.ru', 'config', 'db', 'public', 'spec', 'vendor']"
stephaniencarpenter/stephaniencarpenter.github.io,"['FancyPlate.jpg', 'OS.jpg', 'README.md', 'index.css', 'index.html', 'olympia.css', 'olympia.html', 'pastabig.jpg']"
shrenik94/reflections,"['lesson_1_reflections.txt', 'lesson_2_reflections.txt']"
simongong924/auto-reply-wechat,"['1.jpg', '2.jpg', '3.jpg', 'LICENSE.md', 'README.md', 'auto-reply-wechat.py']"
harsharavala/udacity-data-analyst-nanodegree,"['.gitignore', 'P1 -Test a Perceptual Phenomenon', 'P2 - Analyzing the NYC Subway Dataset', 'P3 - Data Wrangling with MongoDB', 'P4 - Explore and Summarize Data', 'P5 - Identifying Fraud from Enron Emails and Financial Data', 'P6 - Tell Stories with Data Visualization', 'P7 - Design and Analyze an A-B Test', 'README.md']"
RahlForge/ResourceDroidForSWLCG,"['.gitattributes', '.gitignore', '.vs', 'ResourceDroidForSWLCG.sln', 'ResourceDroidForSWLCG']"
juancarlos-197/Bitcoin,"['.gitignore', '.idea', 'app', 'build.gradle', 'gradle.properties', 'gradle', 'gradlew', 'gradlew.bat', 'settings.gradle']"
Yoshiki909/Yoshi,['README.md']
M-Ooba/hello-warld,['README.md']
laheadle/lispy,"['.dir-locals.el', '.gitignore', '.travis.yml', 'Cask', 'Makefile', 'README.md', 'elpa.el', 'images', 'le-clojure.el', 'le-hy.el', 'le-julia.el', 'le-lisp.el', 'le-python.el', 'le-scheme.el', 'lispy-clojure.clj', 'lispy-inline.el', 'lispy-pkg.el', 'lispy-python.py', 'lispy-tags.el', 'lispy-test.el', 'lispy.el', 'lispytutor', 'targets']"
Anglin16/PocketSQL,['.gitignore']
andr-ec/realEstate,"['.DS_Store', 'Real Estate.xcodeproj', 'Real Estate']"
phongvdoan/phongvdoan.github.io,"['.github', 'README.md', '_config.yml', 'blog', 'img', 'index.html', 'military.html', 'node_modules', 'package.json', 'portforio.html', 'styles', 'yarn.lock']"
open-isa/isa95,"['XSD', 'readme.md', 'readme.txt']"
Mendistern/hello-world,['README.md']
zeroc0d3lab/design-patterns-in-ruby,"['README.md', 'adapter.md', 'builder.md', 'command.md', 'composite.md', 'convention_over_configuration.md', 'decorator.md', 'dsl.md', 'factory.md', 'interpreter.md', 'iterator.md', 'meta_programming.md', 'observer.md', 'proxy.md', 'singleton.md', 'strategy.md', 'template_method.md', 'translations']"
ryanc20/pokemon-radar-chart,"['Pokemon.csv', 'README.md', 'plot_pokemon.py', 'poke_radar_chart.svg', 'pokemon.py']"
Ryandomized/cryptonote,"['.gitattributes', '.gitignore', 'CMakeLists.txt', 'CTestCustom.cmake', 'Makefile', 'README.md', 'ReleaseNotes.txt', 'external', 'include', 'src', 'tests']"
Aliaspeng/datacamp-community,"['Machine Learning in R', 'Python Finance Tutorial For Beginners', 'README.md', 'Scikit-Learn Tutorial Python Machine Learning', 'TensorFlow Tutorial For Beginners']"
roaminggamer/coronium-chatterbox-demo,"['LICENSE', 'README.md', 'build.settings', 'config.lua', 'main.lua', 'scenes', 'ui']"
mshinners/mshinners.github.io,"['.DS_Store', 'PNW.jpeg', 'README.md', 'Seattle.jpg', 'calendar.jpg', 'car_museum.jpg', 'glass_museum.jpg', 'index.html', 'index2.html', 'kids.jpg', 'park.jpg', 'ruston_way.jpg', 'style.css', 'style2.css', 'tacoma_dome.png', 'union_station.png']"
benLbishop/DistributedHack,"['README.md', 'Voting.sol', 'index.html', 'index.js', 'package.json']"
jinsuk312/liri-node-app,"['.gitignore', 'LICENSE', 'README.md', 'key.js', 'liri.js', 'log.txt', 'random.txt']"
linxie-search/linxie-search.github.io,"['.gitignore', '_config.yml', '_includes', '_layouts', '_posts', '_sass', 'about.md', 'css', 'feed.xml', 'index.html']"
JerBushau/agricola_Piecekeeper,"['.gitignore', 'README.md', 'cat_scripts.sh', 'imgs', 'index.html', 'main.css', 'notes.txt', 'src']"
mangaMag/massExpConsole,"['.gitignore', 'LICENSE', 'README.md', 'data', 'exploits', 'lib', 'mec.py', 'output', 'requirements.txt', 'screenshot', 'tools', 'zoomeye.conf']"
stayasleep/memory,"['.gitignore', 'README.md', 'animate.css', 'font.ttf', 'image', 'index.html', 'main.js', 'style.css']"
THXBurke/THXBurke.github.io,['README.md']
E-419/E-419.github.io,"['README.md', 'index.css', 'index.html', 'index_cmc.css', 'index_cmc.html', 'resources', 'src']"
sherxon/microservice-architecture,"['.gitignore', 'LICENSE', 'README.md', 'apigateway', 'configserver', 'microservice-architecture.iml', 'pom.xml', 'service-registry']"
ChrisCoffey/dash-haskell,"['.gitignore', 'LICENSE', 'README.md', 'Setup.hs', 'dash-haskell.cabal', 'img', 'src', 'stack.yaml']"
bewithgaurav/facebook-page-manager,"['README.md', 'flask', 'manage.py', 'mysite', 'templates', 'views.py']"
zeroc0d3lab/design-patterns-in-ruby-sample,"['.gitignore', 'README.md', 'abstract_factory', 'adapter', 'builder', 'commands', 'composite', 'decorator', 'factory', 'interpreter', 'iterator', 'mediator', 'observer', 'proxy', 'singleton', 'strategy', 'template_method']"
Snobeard/Code-Fellows-101,"['Images', 'README.md', 'about.html', 'index.html', 'lyndsey.css']"
jayehernandez/where2park2,"['Procfile', 'db.sqlite3', 'manage.py', 'parking_app', 'parking_lots', 'requirements.txt', 'runtime.txt', 'templates']"
TsioryRand/nodejs_20.11.23,"['.gitignore', 'README.md', 'docker-compose.yml', 'src']"
Goku747/PyCode,"['Artifactory_Pro_Lastmodified.py', 'BvtTestScripts.py', 'LastModifi_Jfrog.py', 'Version_String_Check.py', 'gitcommit_argparse.py', 'gitcommit_pass.py']"
Kurumoorthy/gspc-typescript,['README.md']
an4k4ta/Cloud-OffSec-Notes,"['.gitbook', 'README.md', 'SUMMARY.md', 'active-directory-cheatsheet', 'azure-offsec', 'coming-soon.md']"
ufranskevich/dotfiles,"['.editorconfig', '.github', '.gitignore', 'Makefile', 'README.md', 'bin', 'config', 'install', 'macos', 'remote-install.sh', 'runcom', 'system', 'test']"
qianfanjiang/leedeeprl-notes,"['.gitignore', 'LICENSE', 'README.md', 'codes', 'docs']"
georgemkariuki/GPA-CALCULATOR,"['README.md', 'gpa.java']"
keisuke8888/python_file,"['README.md', 'sam.py']"
pressrelations/cadvisor,"['.github', '.gitignore', '.golangci.yml', 'AUTHORS', 'CHANGELOG.md', 'CONTRIBUTING.md', 'LICENSE', 'Makefile', 'README.md', 'accelerators', 'build', 'cache', 'client', 'cmd', 'collector', 'container', 'deploy', 'devicemapper', 'doc.go', 'docs', 'events', 'fs', 'go.mod', 'go.sum', 'info', 'integration', 'logo.png', 'machine', 'manager', 'metrics', 'nvm', 'perf', 'resctrl', 'stats', 'storage', 'summary', 'test.htdigest', 'test.htpasswd', 'utils', 'validate', 'version', 'watcher', 'zfs']"
ljy-single/projectmall,['LICENSE']
wo2324/DotNet,"['.gitignore', 'DotNet', 'LICENSE', 'README.md']"
fareska/bootcamp-recipe,"['.gitignore', 'dist', 'package-lock.json', 'package.json', 'server.js']"
oneandelevenfri/ScaledYOLOv4,"['README.md', 'figure']"
Recursyve/sliding_up_panel,"['.github', '.gitignore', '.metadata', 'CHANGELOG.md', 'LICENSE', 'README.md', 'example', 'lib', 'pubspec.yaml', 'screenshots', 'test']"
Alex-Grib/goit-js-hw-11-color-switch,"['.gitignore', '.prettierrc.json', 'README.md', 'package-lock.json', 'package.json', 'src']"
AnnaProgrammiert/AnnaProgrammiert.github.io,"['css', 'img', 'index.html']"
Marivignesh-ui/neogcamp-Reactjs,"['.codesandbox', 'README.md', 'package.json', 'public', 'src']"
Alextros00/Best-README-Template,"['BLANK_README.md', 'LICENSE.txt', 'README.md', 'images']"
jingshaq/xdisp_virt,"['README.txt', 'bin', 'driver', 'hid_driver', 'html', 'image', 'indirect_display', 'virtual_camera']"
sjsussman/dev-chat,"['.gitignore', 'README.md', 'package-lock.json', 'package.json', 'public', 'src']"
hypagedev/hypagedev.github.io,"['.gitignore', '404.html', 'CNAME', 'Gemfile', 'Gruntfile.js', 'LICENSE', 'README.md', 'Rakefile', '_config.yml', '_doc', '_includes', '_layouts', '_posts', 'about.html', 'archive.html', 'css', 'feed.xml', 'fonts', 'img', 'index.html', 'js', 'less', 'offline.html', 'package-lock.json', 'package.json', 'pwa', 'search.json', 'sw.js']"
juancarlosfcxp/Ciclo_DAW,"['Java', 'JavaScript', 'PHP', 'README.md', 'ionic-angular']"
jquinonesCokO/Rooster-MIT,['index.html']
ehmohajer/DabirKhaneh-Pars-Server,"['.gitignore', 'DabirKhaneh-Pars.sln', 'DabirKhaneh.Common', 'DabirKhaneh.Presentation', 'DabirKhaneh.Repo', 'DabirKhaneh.Services', 'Dabirkhaneh.Data']"
NeelPatel097/napster-music,"['album.php', 'artist.php', 'assests', 'browse.php', 'includes', 'index.php', 'playlist.php', 'register.php', 'search.php', 'settings.php', 'updateDetails.php', 'yourMusic.php']"
accusitive/gccrs,"['.dir-locals.el', '.gitattributes', '.github', '.gitignore', 'ABOUT-NLS', 'COPYING', 'COPYING.LIB', 'COPYING.RUNTIME', 'COPYING3', 'COPYING3.LIB', 'ChangeLog', 'ChangeLog.jit', 'ChangeLog.tree-ssa', 'Dockerfile', 'INSTALL', 'MAINTAINERS', 'Makefile.def', 'Makefile.in', 'Makefile.tpl', 'README', 'README.md', 'ar-lib', 'compile', 'config-ml.in', 'config.guess', 'config.rpath', 'config.sub', 'config', 'configure', 'configure.ac', 'contrib', 'depcomp', 'fixincludes', 'gcc', 'gnattools', 'gotools', 'include', 'install-sh', 'intl', 'libada', 'libatomic', 'libbacktrace', 'libcc1', 'libcpp', 'libdecnumber', 'libffi', 'libgcc', 'libgfortran', 'libgo', 'libgomp', 'libgrust', 'libhsail-rt', 'libiberty', 'libitm', 'libobjc', 'liboffloadmic', 'libphobos', 'libquadmath', 'libsanitizer', 'libssp', 'libstdc++-v3', 'libtool-ldflags', 'libtool.m4', 'libvtv', 'ltgcc.m4', 'ltmain.sh', 'lto-plugin', 'ltoptions.m4', 'ltsugar.m4', 'ltversion.m4', 'lt~obsolete.m4', 'maintainer-scripts', 'missing', 'mkdep', 'mkinstalldirs', 'move-if-change', 'multilib.am', 'symlink-tree', 'test-driver', 'ylwrap', 'zlib']"
ZeroPivot/ZeroPivot,"['README.md', 'rockstar.jpg']"
MrRightSol/cms-form-plugin,"['.gitignore', 'LICENSE', 'README.md', 'cms_form_plugin', 'example', 'requirements_example.txt', 'setup.py']"
MetPX/sarracenia-integration,"['.gitignore', 'LICENSE', 'README.md']"
azurata09/azurata.me,"['.github', '.gitignore', '.gitmodules', 'archetypes', 'config.yml', 'content', 'layouts', 'static', 'themes']"
suribhatt/Kaggle_Cardekho_PricePrediction,"['Procfile', 'README.md', 'Random_Forest_Prediction_Model.pkl', 'app.py', 'car data.csv', 'main.py', 'python notebook.ipynb', 'requirements.txt', 'templates']"
checkers-GM/password-generator,"['.vscode', 'Assets', 'README.md', 'index.html', 'script.js', 'style.css']"
inf1nitev0id/phalcon,"['.gitattributes', '.htaccess', 'app', 'public']"
takshilbharadwaj/takshilbharadwaj.github.io,"['_config.yml', 'assets', 'index.html']"
limbachia/movie-clip-predictions,"['figures', 'gru']"
wRadchuk/ActiveBox,"['.gitattributes', 'README.md', 'android-icon-192x192.png', 'apple-icon-180x180.png', 'assets', 'favicon-16x16.png', 'favicon-32x32.png', 'favicon-96x96.png', 'favicon.ico', 'index.html']"
dineshsr/task-management,"['Advanced Level', 'README.md']"
Matvikf01/EpamTrainee,"['Lectures', 'Practice1', 'Practice10', 'Practice2', 'Practice3', 'Practice4', 'Practice5', 'Practice6', 'Practice7', 'Practice8', 'Practice9', 'SummaryTask4', ' .txt']"
daroman9/PosEscritorio,"['.vs', '26FebreroNew.sql', 'CapaDatos', 'CapaNegocio', 'CapaPresentacion', 'CopiaPos.sql', 'Pos.sln', 'Pos', 'Pos22Febrero.sql', 'Pos26Febrero.sql', 'Pos30MarzoActualizado.sql', 'PosEnero18.sql', 'PosEnero24.sql', 'PosEnero26.sql', 'PosEnero27.sql', 'PosEnero28.sql', 'PosEnero4.sql', 'PosFebrero10.sql', 'PosFebrero16.sql', 'PosFebrero26Antiguo.sql', 'PosFebrero5.sql', 'PosFebrero8.sql', 'PosFebrero9.sql']"
HateAndCaffeine/ACE3,"['.editorconfig', '.gitattributes', '.github', '.gitignore', 'AUTHORS.txt', 'Arma3_workshop_addon.jpg', 'LICENSE', 'README.md', 'ace_advanced_ballistics.dll', 'ace_advanced_ballistics_x64.dll', 'ace_artillerytables.dll', 'ace_artillerytables_x64.dll', 'ace_break_line.dll', 'ace_break_line_x64.dll', 'ace_clipboard.dll', 'ace_clipboard_x64.dll', 'ace_fcs.dll', 'ace_fcs_x64.dll', 'ace_parse_imagepath.dll', 'ace_parse_imagepath_x64.dll', 'addons', 'build.bat', 'docs', 'extensions', 'extras', 'hemtt.toml', 'include', 'logo_ace3_ca.paa', 'meta.cpp', 'mod.cpp', 'optionals', 'tools']"
twistxy/android-sdk,"['.github', '.gitignore', '.idea', 'Gemfile', 'Gemfile.lock', 'README.md', 'app', 'build.gradle', 'fastlane', 'gradle.properties', 'gradle', 'gradlew', 'gradlew.bat', 'sdk', 'settings.gradle']"
VictoriaGrillo-132/PiProject-132,"['README.md', 'main.py']"
theus-brz/reading-files,"['.gitignore', 'src']"
AaleixB/ElectricalAge,"['.editorconfig', '.gitignore', '.travis.yml', '.tx', 'CONTRIBUTING.md', 'CREDITS-fml.txt', 'LICENSE-fml.txt', 'LICENSE.md', 'MinecraftForge-Credits.txt', 'MinecraftForge-License.txt', 'README.md', 'build.gradle', 'build.sh', 'changelog.md', 'forge-1.7.10-10.13.2.1240-changelog.txt', 'gradle.properties', 'gradle', 'gradlew', 'gradlew.bat', 'libs', 'script', 'shell.nix', 'src']"
discord-technocraft/discord.gg-technocraft,"['README.md', 'index.html']"
zky63/gitHubTest,"['README.md', 'index.html']"
ssementsov/clr-via-csharp-4th-edition-code,"['.gitattributes', '.gitignore', 'CLR via CS.sln', 'Ch01-1-SomeLibrary.cs', 'Ch01-1-SomeLibrary.csproj', 'Ch01-2-TypeMembersToIL.cs', 'Ch01-2-TypeMembersToIL.csproj', 'Ch02-1-SimpleProgram.cs', 'Ch02-1-SimpleProgram.csproj', 'Ch02-2-Minimum MSCorLib.cs', 'Ch02-2-Minimum MSCorLib.csproj', 'Ch02-3-AssemblyVersionInfo.cs', 'Ch02-3-BuildMultiFileLibrary.bat', 'Ch02-3-FUT.cs', 'Ch02-3-RUT.cs', 'Ch02-4-AppUsingMultiFileLibrary.cs', 'Ch02-4-AppUsingMultiFileLibrary.csproj', 'Ch03-1-AssemInfo.cs', 'Ch04-1-Type Fundamentals.cs', 'Ch04-1-Type Fundamentals.csproj', 'Ch05-1-PrimitveReferenceValueTypes.cs', 'Ch05-1-PrimitveReferenceValueTypes.csproj', 'Ch06-1-TypeMembers.cs', 'Ch06-1-TypeMembers.csproj', 'Ch07-1-LibraryDefiningConstant.cs', 'Ch07-1-LibraryDefiningConstant.csproj', 'Ch07-2-AppUsingLibraryConstant.cs', 'Ch07-2-AppUsingLibraryConstant.csproj', 'Ch07-3-LibraryDefiningReadOnlyField.cs', 'Ch07-3-LibraryDefiningReadOnlyField.csproj', 'Ch07-4-AppUsingLibraryReadOnlyField.cs', 'Ch07-4-AppUsingLibraryReadOnlyField.csproj', 'Ch07-5-Fields.cs', 'Ch07-5-Fields.csproj', 'Ch08-1-Methods.cs', 'Ch08-1-Methods.csproj', 'Ch09-1-Parameters.cs', 'Ch09-1-Parameters.csproj', 'Ch10-1-Properties.cs', 'Ch10-1-Properties.csproj', 'Ch11-1-EventSet.cs', 'Ch11-1-Events.csproj', 'Ch11-1-MailManager.cs', 'Ch11-1-TypeWithLotsOfEvents.cs', 'Ch12-1-Generics.cs', 'Ch12-1-Generics.csproj', 'Ch13-1-Interfaces.cs', 'Ch13-1-Interfaces.csproj', 'Ch14-1-CharsAndStrings.cs', 'Ch14-1-CharsAndStrings.csproj', 'Ch15-1-EnumsAndBitFlags.cs', 'Ch15-1-EnumsAndBitFlags.csproj', 'Ch16-1-Arrays.cs', 'Ch16-1-Arrays.csproj', 'Ch17-1-Delegates.cs', 'Ch17-1-Delegates.csproj', 'Ch18-1-CustomAttributes.cs', 'Ch18-1-CustomAttributes.csproj', 'Ch19-1-NullableValueTypes.cs', 'Ch19-1-NullableValueTypes.csproj', 'Ch20-1-ExceptionHandling.cs', 'Ch20-1-ExceptionHandling.csproj', 'Ch21-1-GarbageCollection.cs', 'Ch21-1-GarbageCollection.csproj', 'Ch22-1-AppDomains.cs', 'Ch22-1-AppDomains.csproj', 'Ch23-1-AssemblyLoadingAndReflection.cs', 'Ch23-1-AssemblyLoadingAndReflection.csproj', 'Ch23-2-AddIn_SDKAssembly.cs', 'Ch23-2-AddIn_SDKAssembly.csproj', 'Ch23-3-AddIn_AddInTypes.cs', 'Ch23-3-AddIn_AddInTypes.csproj', 'Ch23-4-AddIn_Host.cs', 'Ch23-4-AddIn_Host.csproj', 'Ch24-1-RuntimeSerialization.cs', 'Ch24-1-RuntimeSerialization.csproj', 'Ch25-1-WinRTComponents.cs', 'Ch25-1-WinRTComponents.csproj', 'Ch25-2-ConsumeWinRTComponents', 'Ch26-1-ThreadBasics.cs', 'Ch26-1-ThreadBasics.csproj', 'Ch27-1-ComputeOps.cs', 'Ch27-1-ComputeOps.csproj', 'Ch28-1-IOOps.cs', 'Ch28-1-IOOps.csproj', 'Ch29-1-PrimitveThreadSync.cs', 'Ch29-1-PrimitveThreadSync.csproj', 'Ch30-1-HybridThreadSync.cs', 'Ch30-1-HybridThreadSync.csproj', 'README.md']"
vladmaksyk/DataStreamer,"['Create_auth_file.py', 'Stream_API-Data.py']"
robertoentringer/robertoentringer-resume,"['.eslintrc', '.gitignore', '.prettierrc', 'README.md', 'main.js', 'package-lock.json', 'package.json']"
Muhammad-Sajjad/FUI-OBE,"['content', 'debug.log', 'node_modules', 'package-lock.json', 'package.json', 'src', 'tailwind.css']"
